-- --------------------------------------------------------
-- 호스트:                          j12c108.p.ssafy.io
-- 서버 버전:                        8.0.41 - MySQL Community Server - GPL
-- 서버 OS:                        Linux
-- HeidiSQL 버전:                  12.3.0.6589
-- --------------------------------------------------------

/*!40101 SET @OLD_CHARACTER_SET_CLIENT=@@CHARACTER_SET_CLIENT */;
/*!40101 SET NAMES utf8 */;
/*!50503 SET NAMES utf8mb4 */;
/*!40103 SET @OLD_TIME_ZONE=@@TIME_ZONE */;
/*!40103 SET TIME_ZONE='+00:00' */;
/*!40014 SET @OLD_FOREIGN_KEY_CHECKS=@@FOREIGN_KEY_CHECKS, FOREIGN_KEY_CHECKS=0 */;
/*!40101 SET @OLD_SQL_MODE=@@SQL_MODE, SQL_MODE='NO_AUTO_VALUE_ON_ZERO' */;
/*!40111 SET @OLD_SQL_NOTES=@@SQL_NOTES, SQL_NOTES=0 */;

-- 테이블 데이터 gbh_mm.auto_transaction:~0 rows (대략적) 내보내기

-- 테이블 데이터 gbh_mm.budget:~5 rows (대략적) 내보내기
INSERT INTO `budget` (`budget_pk`, `budget_amount`, `end_date`, `is_selected`, `start_date`, `user_pk`) VALUES
	(65, 2678000, '2025-04-18', NULL, '2025-03-11', 78),
	(115, 6120002, '2025-05-09', NULL, '2025-04-10', 3),
	(116, 7380003, '2025-05-09', NULL, '2025-04-10', 3),
	(117, 5040002, '2025-05-09', NULL, '2025-04-10', 3),
	(120, 2678000, '2025-04-17', NULL, '2025-03-18', 78),
	(121, 6180002, '2025-05-09', NULL, '2025-04-10', 3),
	(122, 7380003, '2025-05-09', NULL, '2025-04-10', 3),
	(123, 3198000, '2025-04-10', NULL, '2025-03-11', 80),
	(124, 2678000, '2025-04-10', NULL, '2025-03-11', 80),
	(125, 2678000, '2025-04-10', NULL, '2025-03-11', 80),
	(126, 3198000, '2025-04-10', NULL, '2025-03-11', 80),
	(127, 12300000, '2025-04-27', NULL, '2025-03-28', 3),
	(128, 1030000, '2025-04-16', NULL, '2025-03-17', 3),
	(129, 1030000, '2025-04-16', NULL, '2025-03-17', 3),
	(130, 3750000, '2025-04-10', NULL, '2025-03-11', 3),
	(131, 3690000, '2025-04-10', NULL, '2025-03-11', 3),
	(132, 3690000, '2025-05-01', NULL, '2025-04-02', 3),
	(133, 3690000, '2025-05-01', NULL, '2025-04-02', 3),
	(134, 3090000, '2025-05-01', NULL, '2025-04-02', 3),
	(135, 3198000, '2025-05-10', NULL, '2025-04-11', 80),
	(136, 2704000, '2025-05-10', NULL, '2025-04-11', 80),
	(137, 3198000, '2025-04-17', NULL, '2025-03-18', 78),
	(138, 2704000, '2025-04-17', NULL, '2025-03-18', 78),
	(139, 2704000, '2025-04-17', NULL, '2025-03-18', 78),
	(140, 3198000, '2025-04-17', NULL, '2025-03-18', 78),
	(141, 3198000, '2025-04-17', NULL, '2025-03-18', 78),
	(142, 2678000, '2025-04-17', NULL, '2025-03-18', 78),
	(143, 2652000, '2025-04-17', NULL, '2025-03-18', 78),
	(144, 2678000, '2025-04-17', NULL, '2025-03-18', 78);

-- 테이블 데이터 gbh_mm.budget_category:~36 rows (대략적) 내보내기
INSERT INTO `budget_category` (`budget_category_pk`, `budget_category_name`, `budget_category_price`, `budget_expend_amount`, `budget_pk`) VALUES
	(1027, '식비/외식', 840000, 0, 115),
	(1028, '교통/자동차', 2760001, 0, 115),
	(1029, '여가비', 240000, 0, 115),
	(1030, '비상금', 540000, 0, 115),
	(1031, '커피/디저트', 240000, 0, 115),
	(1032, '쇼핑', 720000, 0, 115),
	(1033, '고정지출', 360000, 0, 115),
	(1034, '금융', 60000, 0, 115),
	(1035, '편의점/마트', 360000, 0, 115),
	(1036, '식비/외식', 1320000, 0, 116),
	(1037, '교통/자동차', 600000, 0, 116),
	(1038, '여가비', 2400001, 0, 116),
	(1039, '비상금', 480000, 0, 116),
	(1040, '커피/디저트', 360000, 0, 116),
	(1041, '쇼핑', 900000, 0, 116),
	(1042, '고정지출', 600000, 0, 116),
	(1043, '금융', 300000, 0, 116),
	(1044, '편의점/마트', 420000, 0, 116),
	(1045, '식비/외식', 1080000, 0, 117),
	(1046, '교통/자동차', 900000, 0, 117),
	(1047, '여가비', 300000, 0, 117),
	(1048, '비상금', 420000, 0, 117),
	(1049, '커피/디저트', 180000, 0, 117),
	(1050, '쇼핑', 60000, 0, 117),
	(1051, '고정지출', 180000, 0, 117),
	(1052, '금융', 420000, 0, 117),
	(1053, '편의점/마트', 1500001, 0, 117),
	(1072, '식비/외식', 572000, 0, 120),
	(1073, '교통/자동차', 260000, 0, 120),
	(1074, '여가비', 234000, 0, 120),
	(1075, '비상금', 208000, 0, 120),
	(1076, '커피/디저트', 780000, 0, 120),
	(1077, '쇼핑', 182000, 0, 120),
	(1078, '고정지출', 130000, 0, 120),
	(1079, '금융', 130000, 0, 120),
	(1080, '편의점/마트', 182000, 0, 120),
	(1081, '식비/외식', 1320000, 0, 121),
	(1082, '교통/자동차', 600000, 0, 121),
	(1083, '여가비', 540000, 0, 121),
	(1084, '비상금', 480000, 0, 121),
	(1085, '커피/디저트', 1800001, 0, 121),
	(1086, '쇼핑', 420000, 0, 121),
	(1087, '고정지출', 300000, 0, 121),
	(1088, '금융', 300000, 0, 121),
	(1089, '편의점/마트', 420000, 0, 121),
	(1090, '식비/외식', 1320000, 0, 122),
	(1091, '교통/자동차', 600000, 0, 122),
	(1092, '여가비', 2400001, 0, 122),
	(1093, '비상금', 480000, 0, 122),
	(1094, '커피/디저트', 360000, 0, 122),
	(1095, '쇼핑', 900000, 0, 122),
	(1096, '고정지출', 600000, 0, 122),
	(1097, '금융', 300000, 0, 122),
	(1098, '편의점/마트', 420000, 0, 122),
	(1099, '식비/외식', 572000, 0, 123),
	(1100, '교통/자동차', 260000, 0, 123),
	(1101, '여가비', 1040000, 0, 123),
	(1102, '비상금', 208000, 0, 123),
	(1103, '커피/디저트', 156000, 0, 123),
	(1104, '쇼핑', 390000, 0, 123),
	(1105, '고정지출', 260000, 0, 123),
	(1106, '금융', 130000, 0, 123),
	(1107, '편의점/마트', 182000, 0, 123),
	(1108, '식비/외식', 572000, 0, 124),
	(1109, '교통/자동차', 260000, 0, 124),
	(1110, '여가비', 234000, 0, 124),
	(1111, '비상금', 208000, 0, 124),
	(1112, '커피/디저트', 780000, 0, 124),
	(1113, '쇼핑', 182000, 0, 124),
	(1114, '고정지출', 130000, 0, 124),
	(1115, '금융', 130000, 0, 124),
	(1116, '편의점/마트', 182000, 0, 124),
	(1117, '커피/디저트', 780000, 0, 125),
	(1118, '비상금', 208000, 0, 125),
	(1119, '여가비', 234000, 0, 125),
	(1120, '교통/자동차', 260000, 0, 125),
	(1121, '식비/외식', 572000, 0, 125),
	(1122, '편의점/마트', 182000, 0, 125),
	(1123, '금융', 130000, 0, 125),
	(1124, '고정지출', 130000, 0, 125),
	(1125, '쇼핑', 182000, 0, 125),
	(1126, '커피/디저트', 156000, 0, 126),
	(1127, '비상금', 208000, 0, 126),
	(1128, '여가비', 1040000, 0, 126),
	(1129, '교통/자동차', 260000, 0, 126),
	(1130, '식비/외식', 572000, 0, 126),
	(1131, '편의점/마트', 182000, 0, 126),
	(1132, '금융', 130000, 0, 126),
	(1133, '고정지출', 260000, 0, 126),
	(1134, '쇼핑', 390000, 0, 126),
	(1135, '커피/디저트', 600000, 0, 127),
	(1136, '비상금', 800000, 0, 127),
	(1137, '여가비', 4000000, 0, 127),
	(1138, '교통/자동차', 1000000, 0, 127),
	(1139, '식비/외식', 2200000, 0, 127),
	(1140, '편의점/마트', 700000, 0, 127),
	(1141, '금융', 500000, 0, 127),
	(1142, '고정지출', 1000000, 0, 127),
	(1143, '쇼핑', 1500000, 0, 127),
	(1144, '커피/디저트', 300000, 0, 128),
	(1145, '비상금', 80000, 0, 128),
	(1146, '여가비', 90000, 0, 128),
	(1147, '교통/자동차', 100000, 0, 128),
	(1148, '식비/외식', 220000, 0, 128),
	(1149, '편의점/마트', 70000, 0, 128),
	(1150, '금융', 50000, 0, 128),
	(1151, '고정지출', 50000, 0, 128),
	(1152, '쇼핑', 70000, 0, 128),
	(1153, '커피/디저트', 300000, 0, 129),
	(1154, '비상금', 80000, 0, 129),
	(1155, '여가비', 90000, 0, 129),
	(1156, '교통/자동차', 100000, 0, 129),
	(1157, '식비/외식', 220000, 0, 129),
	(1158, '편의점/마트', 70000, 0, 129),
	(1159, '금융', 50000, 0, 129),
	(1160, '고정지출', 50000, 0, 129),
	(1161, '쇼핑', 70000, 0, 129),
	(1162, '커피/디저트', 210000, 0, 130),
	(1163, '비상금', 1020000, 0, 130),
	(1164, '여가비', 270000, 0, 130),
	(1165, '교통/자동차', 150000, 0, 130),
	(1166, '식비/외식', 750000, 0, 130),
	(1167, '편의점/마트', 390000, 0, 130),
	(1168, '금융', 210000, 0, 130),
	(1169, '고정지출', 420000, 0, 130),
	(1170, '쇼핑', 330000, 0, 130),
	(1171, '커피/디저트', 180000, 0, 131),
	(1172, '비상금', 240000, 0, 131),
	(1173, '여가비', 1200000, 0, 131),
	(1174, '교통/자동차', 300000, 0, 131),
	(1175, '식비/외식', 660000, 0, 131),
	(1176, '편의점/마트', 210000, 0, 131),
	(1177, '금융', 150000, 0, 131),
	(1178, '고정지출', 300000, 0, 131),
	(1179, '쇼핑', 450000, 0, 131),
	(1180, '커피/디저트', 180000, 0, 132),
	(1181, '비상금', 240000, 0, 132),
	(1182, '여가비', 1200000, 0, 132),
	(1183, '교통/자동차', 300000, 0, 132),
	(1184, '식비/외식', 660000, 0, 132),
	(1185, '편의점/마트', 210000, 0, 132),
	(1186, '금융', 150000, 0, 132),
	(1187, '고정지출', 300000, 0, 132),
	(1188, '쇼핑', 450000, 0, 132),
	(1189, '커피/디저트', 180000, 0, 133),
	(1190, '비상금', 240000, 0, 133),
	(1191, '여가비', 1200000, 0, 133),
	(1192, '교통/자동차', 300000, 0, 133),
	(1193, '식비/외식', 660000, 0, 133),
	(1194, '편의점/마트', 210000, 0, 133),
	(1195, '금융', 150000, 0, 133),
	(1196, '고정지출', 300000, 0, 133),
	(1197, '쇼핑', 450000, 0, 133),
	(1198, '커피/디저트', 900000, 0, 134),
	(1199, '비상금', 240000, 0, 134),
	(1200, '여가비', 270000, 0, 134),
	(1201, '교통/자동차', 300000, 0, 134),
	(1202, '식비/외식', 660000, 0, 134),
	(1203, '편의점/마트', 210000, 0, 134),
	(1204, '금융', 150000, 0, 134),
	(1205, '고정지출', 150000, 0, 134),
	(1206, '쇼핑', 210000, 0, 134),
	(1207, '커피/디저트', 156000, 0, 135),
	(1208, '비상금', 208000, 0, 135),
	(1209, '여가비', 1040000, 0, 135),
	(1210, '교통/자동차', 260000, 0, 135),
	(1211, '식비/외식', 572000, 0, 135),
	(1212, '편의점/마트', 182000, 0, 135),
	(1213, '금융', 130000, 0, 135),
	(1214, '고정지출', 260000, 0, 135),
	(1215, '쇼핑', 390000, 0, 135),
	(1216, '커피/디저트', 156000, 0, 136),
	(1217, '비상금', 208000, 0, 136),
	(1218, '여가비', 312000, 0, 136),
	(1219, '교통/자동차', 104000, 0, 136),
	(1220, '식비/외식', 312000, 0, 136),
	(1221, '편의점/마트', 182000, 0, 136),
	(1222, '금융', 78000, 0, 136),
	(1223, '고정지출', 156000, 0, 136),
	(1224, '쇼핑', 1196000, 0, 136),
	(1225, '커피/디저트', 156000, 0, 137),
	(1226, '비상금', 208000, 0, 137),
	(1227, '여가비', 1040000, 0, 137),
	(1228, '교통/자동차', 260000, 0, 137),
	(1229, '식비/외식', 572000, 0, 137),
	(1230, '편의점/마트', 182000, 0, 137),
	(1231, '금융', 130000, 0, 137),
	(1232, '고정지출', 260000, 0, 137),
	(1233, '쇼핑', 390000, 0, 137),
	(1234, '커피/디저트', 156000, 0, 138),
	(1235, '비상금', 208000, 0, 138),
	(1236, '여가비', 312000, 0, 138),
	(1237, '교통/자동차', 104000, 0, 138),
	(1238, '식비/외식', 312000, 0, 138),
	(1239, '편의점/마트', 182000, 0, 138),
	(1240, '금융', 78000, 0, 138),
	(1241, '고정지출', 156000, 0, 138),
	(1242, '쇼핑', 1196000, 0, 138),
	(1243, '커피/디저트', 156000, 0, 139),
	(1244, '비상금', 208000, 0, 139),
	(1245, '여가비', 312000, 0, 139),
	(1246, '교통/자동차', 104000, 0, 139),
	(1247, '식비/외식', 312000, 0, 139),
	(1248, '편의점/마트', 182000, 0, 139),
	(1249, '금융', 78000, 0, 139),
	(1250, '고정지출', 156000, 0, 139),
	(1251, '쇼핑', 1196000, 0, 139),
	(1252, '커피/디저트', 156000, 0, 140),
	(1253, '비상금', 208000, 0, 140),
	(1254, '여가비', 1040000, 0, 140),
	(1255, '교통/자동차', 260000, 0, 140),
	(1256, '식비/외식', 572000, 0, 140),
	(1257, '편의점/마트', 182000, 0, 140),
	(1258, '금융', 130000, 0, 140),
	(1259, '고정지출', 260000, 0, 140),
	(1260, '쇼핑', 390000, 0, 140),
	(1261, '커피/디저트', 156000, 0, 141),
	(1262, '비상금', 208000, 0, 141),
	(1263, '여가비', 1040000, 0, 141),
	(1264, '교통/자동차', 260000, 0, 141),
	(1265, '식비/외식', 572000, 0, 141),
	(1266, '편의점/마트', 182000, 0, 141),
	(1267, '금융', 130000, 0, 141),
	(1268, '고정지출', 260000, 0, 141),
	(1269, '쇼핑', 390000, 0, 141),
	(1270, '커피/디저트', 780000, 0, 142),
	(1271, '비상금', 208000, 0, 142),
	(1272, '여가비', 234000, 0, 142),
	(1273, '교통/자동차', 260000, 0, 142),
	(1274, '식비/외식', 572000, 0, 142),
	(1275, '편의점/마트', 182000, 0, 142),
	(1276, '금융', 130000, 0, 142),
	(1277, '고정지출', 130000, 0, 142),
	(1278, '쇼핑', 182000, 0, 142),
	(1279, '커피/디저트', 104000, 0, 143),
	(1280, '비상금', 234000, 0, 143),
	(1281, '여가비', 104000, 0, 143),
	(1282, '교통/자동차', 1196000, 0, 143),
	(1283, '식비/외식', 364000, 0, 143),
	(1284, '편의점/마트', 156000, 0, 143),
	(1285, '금융', 26000, 0, 143),
	(1286, '고정지출', 156000, 0, 143),
	(1287, '쇼핑', 312000, 0, 143),
	(1288, '커피/디저트', 780000, 0, 144),
	(1289, '비상금', 208000, 0, 144),
	(1290, '여가비', 234000, 0, 144),
	(1291, '교통/자동차', 260000, 0, 144),
	(1292, '식비/외식', 572000, 0, 144),
	(1293, '편의점/마트', 182000, 0, 144),
	(1294, '금융', 130000, 0, 144),
	(1295, '고정지출', 130000, 0, 144),
	(1296, '쇼핑', 182000, 0, 144);

-- 테이블 데이터 gbh_mm.tbl_ai_category:~10 rows (대략적) 내보내기
INSERT INTO `tbl_ai_category` (`ai_category_pk`, `ai_category`) VALUES
	(1, '고정지출'),
	(2, '식비/외식'),
	(3, '교통/자동차'),
	(4, '편의점/마트'),
	(5, '금융'),
	(6, '여가비'),
	(7, '커피/디저트'),
	(8, '쇼핑'),
	(9, '비상금'),
	(10, '미분류');

-- 테이블 데이터 gbh_mm.tbl_household:~423 rows (대략적) 내보내기
INSERT INTO `tbl_household` (`household_pk`, `excepted_budget_yn`, `household_amount`, `household_classification`, `household_memo`, `payment_cancel_yn`, `payment_method`, `trade_date`, `trade_name`, `trade_time`, `household_detail_category_pk`, `user_pk`) VALUES
	(8, 'N', 10000, 'WITHDRAWAL', NULL, 'N', '롯데카드 K패스', '20250325', '롯데마트 맥스', '1138', 23, 3),
	(10, 'N', 10000, 'WITHDRAWAL', NULL, 'N', '롯데카드 K패스', '20250323', '롯데마트 맥스', '1138', 23, 3),
	(14, 'N', 42000, 'WITHDRAWAL', '주간 장보기', 'N', '신한카드', '20250301', '롯데마트', '1120', 23, 3),
	(15, 'N', 5800, 'WITHDRAWAL', '아메리카노, 케이크', 'N', '현대카드드', '20250301', '스타벅스', '1435', 10, 3),
	(16, 'N', 28000, 'WITHDRAWAL', '영화 티켓 2장', 'N', '카카오뱅크 체크카드', '20250302', 'CGV', '1930', 85, 3),
	(17, 'N', 3500000, 'DEPOSIT', '3월 급여', 'N', '계좌이체', '20250303', '(주)삼성전자', '0900', 80, 3),
	(22, 'N', 3200, 'WITHDRAWAL', '야식', 'N', '삼성카드', '20250304', 'GS25', '2205', 24, 3),
	(24, 'N', 12000, 'WITHDRAWAL', '점심', 'N', '카카오뱅크 체크카드', '20250306', '버거킹', '1225', 4, 3),
	(25, 'N', 4500, 'WITHDRAWAL', '음료수, 과자', 'N', '현금', '20250306', 'CU', '1755', 24, 3),
	(26, 'N', 17000, 'WITHDRAWAL', '월 구독료', 'N', '신한카드', '20250307', '넷플릭스', '0830', 34, 3),
	(30, 'N', 32000, 'WITHDRAWAL', '도서 구매', 'N', '국민카드', '20250307', '온라인 서점', '1420', 86, 3),
	(31, 'N', 15000, 'WITHDRAWAL', '영화 티켓', 'N', '롯데카드', '20250308', '롯데시네마', '1840', 85, 3),
	(32, 'N', 8500, 'WITHDRAWAL', '햄버거 세트', 'N', '롯데카드', '20250308', '맘스터치', '2110', 4, 3),
	(33, 'N', 85000, 'WITHDRAWAL', '주간 장보기, 생필품', 'N', '삼성카드', '20250309', '이마트', '1430', 25, 3),
	(34, 'N', 4500, 'WITHDRAWAL', '아메리카노', 'N', '현금', '20250310', '메가커피', '0830', 10, 3),
	(35, 'N', 1650, 'WITHDRAWAL', '지하철 요금', 'N', '카카오뱅크 체크카드', '20250310', '서울교통공사', '0930', 47, 3),
	(36, 'N', 10000, 'WITHDRAWAL', '점심 식사', 'N', '현대카드', '20250310', '한식당', '1240', 1, 3),
	(37, 'N', 28000, 'WITHDRAWAL', '화장품 구매', 'N', '삼성카드', '20250311', '올리브영', '1830', 40, 3),
	(38, 'N', 7200, 'WITHDRAWAL', '카페라떼, 쿠키', 'N', '신한카드', '20250312', '투썸플레이스', '1520', 10, 3),
	(42, 'N', 12, 'WITHDRAWAL', '종합소득세', 'N', '계좌이체', '20250315', '국세청', '1030', 80, 3),
	(47, 'N', 8000, 'WITHDRAWAL', '점심 도시락', 'N', '카카오뱅크 체크카드', '20250316', '한솥도시락', '1245', 1, 3),
	(48, 'N', 5500, 'WITHDRAWAL', '커피', 'N', '신한카드', '20250316', '카페', '1530', 10, 3),
	(49, 'N', 300000, 'DEPOSIT', '용돈', 'N', '계좌이체', '20250317', '부모님', '1100', 107, 3),
	(51, 'N', 9500, 'WITHDRAWAL', '식사', 'N', '삼성카드', '20250317', '맥도날드', '1230', 4, 3),
	(52, 'N', 4800, 'WITHDRAWAL', '아이스 아메리카노', 'N', '현대카드', '20250318', '이디야커피', '0915', 10, 3),
	(53, 'N', 22000, 'WITHDRAWAL', ' 마라탕', 'N', '카카오뱅크 체크카드', '20250318', '배달의민족', '1900', 1, 3),
	(54, 'N', 100000, 'WITHDRAWAL', '3개월 회원권', 'N', '신한카드', '20250319', '헬스장', '0730', 78, 3),
	(55, 'N', 5200, 'WITHDRAWAL', '간식, 음료수', 'N', '현금', '20250319', '세븐일레븐', '1335', 24, 3),
	(56, 'N', 12000, 'WITHDRAWAL', '감기약', 'N', '삼성카드', '20250320', '약국', '1820', 64, 3),
	(57, 'N', 78000, 'WITHDRAWAL', '옷 구매', 'N', '현대카드', '20250321', '유니클로', '1430', 35, 3),
	(58, 'N', 6500, 'WITHDRAWAL', '카페모카', 'N', '롯데카드', '20250321', '스타벅스', '1640', 10, 3),
	(59, 'N', 65000, 'WITHDRAWAL', '주간 장보기', 'N', '롯데카드', '20250322', '롯데마트', '1320', 25, 3),
	(60, 'N', 21000, 'WITHDRAWAL', '치킨', 'N', '롯데카드', '20250322', '교촌치킨', '1830', 8, 3),
	(61, 'N', 15000, 'WITHDRAWAL', '생활용품', 'N', '현금', '20250323', '다이소', '1440', 23, 3),
	(62, 'N', 42000, 'WITHDRAWAL', '친구와 술자리', 'N', '카카오뱅크 체크카드', '20250323', '이자카야', '1930', 17, 3),
	(63, 'N', 15000, 'WITHDRAWAL', '귀가 택시비', 'N', '카카오뱅크 체크카드', '20250323', '택시', '2245', 46, 3),
	(64, 'N', 5500, 'WITHDRAWAL', '아메리카노', 'N', '신한카드', '20250324', '카페', '0930', 10, 3),
	(65, 'N', 150000, 'WITHDRAWAL', '정기검진', 'N', '신한카드', '20250324', '치과', '1400', 73, 3),
	(67, 'N', 5000, 'WITHDRAWAL', '카페라떼', 'N', '현대카드', '20250325', '이디야커피', '1030', 10, 3),
	(68, 'N', 12000, 'WITHDRAWAL', '점심 배달', 'N', '현대카드', '20250325', '요기요', '1245', 3, 3),
	(70, 'N', 8500, 'WITHDRAWAL', '점심 햄버거', 'N', '카카오뱅크 체크카드', '20250326', '맘스터치', '1230', 4, 3),
	(71, 'N', 3500, 'WITHDRAWAL', '야식', 'N', '카카오뱅크 체크카드', '20250326', 'CU', '2105', 24, 3),
	(72, 'N', 10000, 'WITHDRAWAL', '하루 이용권', 'N', '신한카드', '20250327', '스터디카페', '1020', 102, 3),
	(73, 'N', 7000, 'WITHDRAWAL', '라떼, 샌드위치', 'N', '신한카드', '20250327', '카페', '1320', 10, 3),
	(77, 'N', 30000, 'WITHDRAWAL', '저녁 식사', 'N', '카카오뱅크 체크카드', '20250328', '동네 피자집', '1900', 9, 3),
	(78, 'N', 75000, 'WITHDRAWAL', '주간 장보기', 'N', '롯데카드', '20250329', '이마트', '1400', 25, 3),
	(79, 'N', 6300, 'WITHDRAWAL', '프라푸치노', 'N', '롯데카드', '20250329', '스타벅스', '1630', 10, 3),
	(80, 'N', 16000, 'WITHDRAWAL', '영화 관람', 'N', '롯데카드', '20250329', '영화관', '1830', 85, 3),
	(81, 'N', 35000, 'WITHDRAWAL', '식사', 'N', '롯데카드', '20250329', '저녁 식사', '2100', 1, 3),
	(82, 'N', 85000, 'WITHDRAWAL', '3월 통신비', 'N', '자동이체', '20250330', 'SK텔레콤', '0900', 58, 3),
	(83, 'N', 45000, 'WITHDRAWAL', '3월 전기요금', 'N', '자동이체', '20250330', '한국전력', '0930', 63, 3),
	(84, 'N', 56000, 'WITHDRAWAL', '의류 구매', 'N', '삼성카드', '20250327', '온라인 쇼핑몰', '1545', 37, 3),
	(181, 'N', 600000, 'TRANSFER', NULL, 'N', '한국은행 더 나은 수시입출금', '20250331', '송금', '0032', 118, 3),
	(194, 'N', 100000, 'WITHDRAWAL', NULL, 'N', '롯데카드 K패스', '20250331', '롯데마트 맥스', '1510', 23, 3),
	(199, 'N', 307068, 'DEPOSIT', NULL, 'N', '한국은행 더 나은 수시입출금', '20250331', '(적금) : 만기이자 지급', '0700', 124, 3),
	(200, 'N', 1, 'DEPOSIT', NULL, 'N', '2번 수시입출금', '20250331', 'MarshMellow 7950', '0939', 118, 3),
	(205, 'N', 600000, 'DEPOSIT', NULL, 'N', '한국은행 수시입출금 상품', '20250331', 'MarshMellow 입금 윤재은', '0032', 123, 3),
	(207, 'N', 904932, 'DEPOSIT', NULL, 'N', '한국은행 더 나은 수시입출금', '20250331', '(예금) : 만기이자 지급', '0700', 118, 3),
	(210, 'N', 200000, 'TRANSFER', '투자금 이체', 'N', '계좌이체', '20250326', '신한은행', '0930', 135, 3),
	(216, 'N', 10000, 'WITHDRAWAL', NULL, 'N', '롯데카드 K패스', '20250327', '롯데마트 맥스', '1138', 23, 3),
	(217, 'N', 25600, 'WITHDRAWAL', NULL, 'N', '롯데카드 K패스', '20250331', '롯데마트 맥스', '2005', 118, 3),
	(220, 'N', 3500000, 'WITHDRAWAL', NULL, 'N', '롯데카드 K패스', '20250331', '롯데마트 맥스', '1536', 118, 3),
	(223, 'N', 8, 'WITHDRAWAL', NULL, 'N', '신한카드 YaY', '20250331', '롯데마트 맥스', '1646', 118, 3),
	(225, 'N', 300, 'TRANSFER', NULL, 'N', '한국은행 수시입출금 상품', '20250402', '송금', '2218', 26, 3),
	(229, 'N', 900000, 'TRANSFER', NULL, 'N', '한국은행 더 나은 수시입출금', '20250331', '예금 개설', '1657', 29, 3),
	(232, 'N', 10000, 'TRANSFER', NULL, 'N', '한국은행 더 나은 수시입출금', '20250401', '적금 개설', '0904', 42, 3),
	(234, 'N', 100355, 'TRANSFER', NULL, 'N', '한국은행 더 나은 수시입출금', '20250401', '(대출) : 대출일시납 출금', '0919', 58, 3),
	(237, 'N', 3000, 'TRANSFER', NULL, 'N', '한국은행 더 나은 수시입출금', '20250402', '(적금) : (2회차) 출금', '0630', 3, 3),
	(239, 'N', 5575, 'TRANSFER', NULL, 'N', '한국은행 더 나은 수시입출금', '20250402', '(대출) : 우리은행 주택청약 E 대출 (1회차) 대출상환금 출금', '0830', 37, 3),
	(240, 'N', 1, 'DEPOSIT', NULL, 'N', '한국은행 더 나은 수시입출금', '20250402', 'MarshMellow 0287', '1324', 25, 3),
	(241, 'N', 1, 'DEPOSIT', NULL, 'N', '한국은행 더 나은 수시입출금', '20250402', 'MarshMellow 1729', '1340', 25, 3),
	(242, 'N', 10000, 'TRANSFER', NULL, 'N', '한국은행 더 나은 수시입출금', '20250402', '(신용카드) : 롯데카드 K패스 (202503월5주차) 카드출금', '1600', 16, 3),
	(248, 'N', 1, 'DEPOSIT', NULL, 'N', '2번 수시입출금', '20250402', 'MarshMellow 9079', '2215', 25, 3),
	(249, 'N', 1, 'DEPOSIT', NULL, 'N', '제주맛집투어', '20250402', 'MarshMellow 4302', '1050', 25, 3),
	(250, 'N', 1, 'DEPOSIT', NULL, 'N', '제주맛집투어', '20250402', 'MarshMellow 6691', '1054', 25, 3),
	(251, 'N', 1, 'DEPOSIT', NULL, 'N', '제주맛집투어', '20250402', 'MarshMellow 5730', '2213', 25, 3),
	(252, 'N', 300, 'DEPOSIT', NULL, 'N', '제주맛집투어', '20250402', 'MarshMellow 입금 윤재은', '2218', 37, 3),
	(257, 'N', 10000, 'WITHDRAWAL', NULL, 'N', '롯데카드 K패스', '20250330', '롯데마트 맥스123', '1138', 83, 3),
	(331, 'N', 30000, 'TRANSFER', NULL, 'N', '한국은행 더 나은 수시입출금', '20250403', '(적금) : (3회차) 출금', '0630', 3, 3),
	(347, 'N', 30000, 'TRANSFER', NULL, 'N', '한국은행 더 나은 수시입출금', '20250404', '(적금) : (4회차) 출금', '0630', 3, 3),
	(348, 'N', 5575, 'TRANSFER', NULL, 'N', '한국은행 더 나은 수시입출금', '20250404', '(대출) : 우리은행 주택청약 E 대출 (3회차) 대출상환금 출금', '0830', 98, 3),
	(354, 'N', 10000, 'TRANSFER', NULL, 'N', '한국은행 더 나은 수시입출금1', '20250404', '(적금) : (4회차) 출금', '0630', 118, 3),
	(371, 'N', 12001, 'WITHDRAWAL', '', 'N', '현금', '20250404', '싸피코피', '1321', 10, 3),
	(397, 'N', 1, 'DEPOSIT', NULL, 'N', '한국은행 더 나은 수시입출금', '20250404', 'MarshMellow 8150', '1549', 25, 3),
	(398, 'N', 1, 'DEPOSIT', NULL, 'N', '한국은행 더 나은 수시입출금', '20250404', 'MarshMellow 6807', '1550', 25, 3),
	(399, 'N', 1, 'DEPOSIT', NULL, 'N', '한국은행 더 나은 수시입출금', '20250404', 'MarshMellow 3051', '1558', 25, 3),
	(400, 'N', 1, 'DEPOSIT', NULL, 'N', '한국은행 더 나은 수시입출금', '20250404', 'MarshMellow 3196', '1600', 25, 3),
	(401, 'N', 1, 'DEPOSIT', NULL, 'N', '제주맛집투어', '20250404', 'MarshMellow 1202', '1329', 25, 3),
	(620, 'N', 5575, 'TRANSFER', NULL, 'N', '한국은행 더 나은 수시입출금', '20250405', '(대출) : 우리은행 주택청약 E 대출 (4회차) 대출상환금 출금', '0830', 98, 3),
	(650, 'N', 10000, 'TRANSFER', NULL, 'N', '한국은행 더 나은 수시입출금', '20250405', '(적금) : (5회차) 출금', '0630', 3, 3),
	(1070, 'N', 10000, 'TRANSFER', NULL, 'N', '한국은행 더 나은 수시입출금', '20250406', '(적금) : (6회차) 출금', '0630', 3, 3),
	(1112, 'N', 5575, 'TRANSFER', NULL, 'N', '한국은행 더 나은 수시입출금', '20250406', '(대출) : 우리은행 주택청약 E 대출 (5회차) 대출상환금 출금', '0830', 98, 3),
	(1241, 'N', 1, 'DEPOSIT', NULL, 'N', '제주맛집투어', '20250406', 'MarshMellow 6302', '1328', 25, 3),
	(1582, 'N', 3400, 'TRANSFER', NULL, 'N', '한국은행 더 나은 수시입출금', '20250406', '송금', '1953', 118, 3),
	(1583, 'N', 3400, 'DEPOSIT', NULL, 'N', '2번 수시입출금', '20250406', 'MarshMellow 입금 윤재은', '1953', 118, 3),
	(1822, 'N', 1, 'DEPOSIT', NULL, 'N', '제주맛집투어', '20250406', 'MarshMellow 7059', '1304', 25, 3),
	(1823, 'N', 1, 'DEPOSIT', NULL, 'N', '제주맛집투어', '20250406', 'MarshMellow 3933', '1305', 25, 3),
	(1824, 'N', 1, 'DEPOSIT', NULL, 'N', '제주맛집투어', '20250406', 'MarshMellow 9983', '1310', 25, 3),
	(1825, 'N', 1, 'DEPOSIT', NULL, 'N', '제주맛집투어', '20250406', 'MarshMellow 4267', '1311', 25, 3),
	(1826, 'N', 1, 'DEPOSIT', NULL, 'N', '제주맛집투어', '20250406', 'MarshMellow 7376', '1315', 25, 3),
	(1827, 'N', 1, 'DEPOSIT', NULL, 'N', '제주맛집투어', '20250406', 'MarshMellow 2108', '1323', 25, 3),
	(1828, 'N', 1, 'DEPOSIT', NULL, 'N', '제주맛집투어', '20250406', 'MarshMellow 2614', '1326', 25, 3),
	(2306, 'N', 200000, 'TRANSFER', NULL, 'N', '한국은행 수시입출금 상품', '20250406', '송금', '2251', 26, 3),
	(2312, 'N', 200000, 'DEPOSIT', NULL, 'N', '한국은행 더 나은 수시입출금', '20250406', 'MarshMellow 입금 윤재은', '2251', 37, 3),
	(2313, 'N', 1, 'DEPOSIT', NULL, 'N', '한국은행 수시입출금 상품', '20250406', 'MarshMellow 9845', '2247', 25, 3),
	(2314, 'N', 1, 'DEPOSIT', NULL, 'N', '한국은행 수시입출금 상품', '20250406', 'MarshMellow 6480', '2248', 25, 3),
	(2315, 'N', 1, 'DEPOSIT', NULL, 'N', '한국은행 수시입출금 상품', '20250406', 'MarshMellow 5188', '2249', 25, 3),
	(2427, 'N', 4400, 'TRANSFER', NULL, 'N', '한국은행 더 나은 수시입출금', '20250407', '송금', '0036', 26, 3),
	(2432, 'N', 4400, 'DEPOSIT', NULL, 'N', '2번 수시입출금', '20250407', 'MarshMellow 입금 윤재은', '0036', 37, 3),
	(2444, 'N', 2200, 'TRANSFER', NULL, 'N', '한국은행 더 나은 수시입출금', '20250407', '송금', '0044', 26, 3),
	(2446, 'N', 2200, 'DEPOSIT', NULL, 'N', '2번 수시입출금', '20250407', 'MarshMellow 입금 윤재은', '0044', 37, 3),
	(2481, 'N', 6200, 'TRANSFER', NULL, 'N', '한국은행 더 나은 수시입출금', '20250407', '송금', '0103', 26, 3),
	(2484, 'N', 6200, 'DEPOSIT', NULL, 'N', '2번 수시입출금', '20250407', 'MarshMellow 입금 윤재은', '0103', 37, 3),
	(2488, 'N', 710, 'TRANSFER', NULL, 'N', '한국은행 더 나은 수시입출금', '20250407', '송금', '0107', 26, 3),
	(2489, 'N', 500001, 'TRANSFER', NULL, 'N', '한국은행 더 나은 수시입출금', '20250407', '송금', '0111', 26, 3),
	(2493, 'N', 710, 'DEPOSIT', NULL, 'N', '2번 수시입출금', '20250407', 'MarshMellow 입금 윤재은', '0107', 37, 3),
	(2494, 'N', 500001, 'DEPOSIT', NULL, 'N', '2번 수시입출금', '20250407', 'MarshMellow 입금 윤재은', '0111', 37, 3),
	(2510, 'N', 321, 'TRANSFER', NULL, 'N', '한국은행 더 나은 수시입출금', '20250407', '송금', '0113', 118, 3),
	(2511, 'N', 60000, 'TRANSFER', NULL, 'N', '한국은행 더 나은 수시입출금', '20250407', '송금', '0114', 118, 3),
	(2517, 'N', 321, 'DEPOSIT', NULL, 'N', '2번 수시입출금', '20250407', 'MarshMellow 입금 윤재은', '0113', 118, 3),
	(2518, 'N', 60000, 'DEPOSIT', NULL, 'N', '2번 수시입출금', '20250407', 'MarshMellow 입금 윤재은', '0114', 118, 3),
	(2554, 'N', 700, 'TRANSFER', NULL, 'N', '한국은행 더 나은 수시입출금', '20250407', '송금', '0129', 118, 3),
	(2574, 'N', 700, 'TRANSFER', NULL, 'N', '한국은행 더 나은 수시입출금', '20250407', '송금', '0130', 26, 3),
	(2584, 'N', 700, 'DEPOSIT', NULL, 'N', '2번 수시입출금', '20250407', 'MarshMellow 입금 윤재은', '0130', 37, 3),
	(2635, 'N', 660, 'TRANSFER', NULL, 'N', '한국은행 더 나은 수시입출금', '20250407', '송금', '0134', 26, 3),
	(2646, 'N', 660, 'DEPOSIT', NULL, 'N', '2번 수시입출금', '20250407', 'MarshMellow 입금 윤재은', '0134', 37, 3),
	(2658, 'N', 660, 'TRANSFER', NULL, 'N', '한국은행 더 나은 수시입출금', '20250407', '송금', '0139', 118, 3),
	(2670, 'N', 660, 'DEPOSIT', NULL, 'N', '2번 수시입출금', '20250407', 'MarshMellow 입금 윤재은', '0139', 118, 3),
	(2995, 'N', 1, 'DEPOSIT', NULL, 'N', '한국은행 수시입출금 상품', '20250407', 'MarshMellow 3612', '0420', 25, 3),
	(3220, 'N', 10000, 'TRANSFER', NULL, 'N', '한국은행 더 나은 수시입출금', '20250407', '(적금) : (7회차) 출금', '0630', 3, 3),
	(3251, 'N', 5575, 'TRANSFER', NULL, 'N', '한국은행 더 나은 수시입출금', '20250407', '(대출) : 우리은행 주택청약 E 대출 (6회차) 대출상환금 출금', '0830', 98, 3),
	(4077, 'N', 23400, 'WITHDRAWAL', NULL, 'N', '한국은행 더 나은 수시입출금', '20250407', '호식이두마리치킨\0', '0524', 85, 3),
	(4078, 'N', 222, 'WITHDRAWAL', NULL, 'N', '현금', '20250407', 'DSADASD', '0525', 30, 3),
	(4079, 'N', 20000, 'WITHDRAWAL', '', 'N', '롯데카드 K패스', '20250407', '점심', '1426', 1, 3),
	(4080, 'N', 50000, 'WITHDRAWAL', NULL, 'N', '신한카드 YaY', '20250407', '호식이두마리치킨', '0527', 1, 3),
	(4081, 'N', 211, 'WITHDRAWAL', NULL, 'N', '한국은행 더 나은 수시입출금', '20250407', '호식이두마리치킨', '0528', 55, 3),
	(4106, 'N', 700, 'DEPOSIT', NULL, 'N', '2번 수시입출금', '20250407', 'MarshMellow 입금 윤재은', '0129', 37, 3),
	(4244, 'N', 1, 'DEPOSIT', NULL, 'N', '한국은행 수시입출금 상품', '20250407', 'MarshMellow 1099', '1552', 25, 3),
	(4798, 'N', 200000, 'WITHDRAWAL', '투자금 이체', 'N', '계좌이체', '20250406', '신한은행', '0930', 135, 3),
	(5832, 'N', 1, 'DEPOSIT', NULL, 'N', '한국은행 수시입출금 상품', '20250408', 'MarshMellow 5178', '0414', 118, 3),
	(5846, 'N', 1, 'DEPOSIT', NULL, 'N', '한국은행 수시입출금 상품', '20250408', 'MarshMellow 2580', '0415', 26, 3),
	(5847, 'N', 1, 'DEPOSIT', NULL, 'N', '한국은행 수시입출금 상품', '20250408', 'MarshMellow 0169', '0416', 25, 3),
	(5848, 'N', 1, 'DEPOSIT', NULL, 'N', '한국은행 수시입출금 상품', '20250408', 'MarshMellow 1622', '0417', 25, 3),
	(5849, 'N', 1, 'DEPOSIT', NULL, 'N', '한국은행 수시입출금 상품', '20250408', 'MarshMellow 2709', '0419', 25, 3),
	(5850, 'N', 1, 'DEPOSIT', NULL, 'N', '한국은행 수시입출금 상품', '20250408', 'MarshMellow 5751', '0421', 25, 3),
	(5851, 'N', 1, 'DEPOSIT', NULL, 'N', '한국은행 수시입출금 상품', '20250408', 'MarshMellow 7716', '0422', 25, 3),
	(5852, 'N', 10000, 'TRANSFER', NULL, 'N', '한국은행 더 나은 수시입출금', '20250408', '(적금) : (8회차) 출금', '0630', 118, 3),
	(5855, 'N', 5575, 'TRANSFER', NULL, 'N', '한국은행 더 나은 수시입출금', '20250408', '(대출) : 우리은행 주택청약 E 대출 (7회차) 대출상환금 출금', '0830', 118, 3),
	(5863, 'N', 1, 'DEPOSIT', NULL, 'N', '한국은행 수시입출금 상품', '20250408', 'MarshMellow 4069', '0423', 118, 3),
	(5864, 'N', 1, 'DEPOSIT', NULL, 'N', '한국은행 수시입출금 상품', '20250408', 'MarshMellow 0277', '0425', 118, 3),
	(5865, 'N', 1, 'DEPOSIT', NULL, 'N', '한국은행 수시입출금 상품', '20250408', 'MarshMellow 9049', '0426', 118, 3),
	(5866, 'N', 1, 'DEPOSIT', NULL, 'N', '한국은행 수시입출금 상품', '20250408', 'MarshMellow 4299', '0427', 118, 3),
	(5867, 'N', 1, 'DEPOSIT', NULL, 'N', '한국은행 수시입출금 상품', '20250408', 'MarshMellow 3219', '0428', 118, 3),
	(6492, 'N', 1000086, 'DEPOSIT', NULL, 'N', '한국은행 수시입출금 상품', '20250408', 'MarshMellow 입금 윤재은', '1345', 37, 3),
	(6497, 'N', 1000086, 'TRANSFER', NULL, 'N', '한국은행 더 나은 수시입출금', '20250408', '송금', '1345', 26, 3),
	(6802, 'N', 30000, 'DEPOSIT', NULL, 'N', '현금', '20250408', '읩금', '1443', 123, 3),
	(6803, 'N', 30009, 'WITHDRAWAL', 'ㅊ', 'N', '한국은행 더 나은 수시입출금', '20250408', 'ㄴ', '1446', 58, 3),
	(6858, 'Y', 10001, 'WITHDRAWAL', '', 'N', '신한카드 YaY', '20250408', '월맥', '1519', 1, 3),
	(6859, 'N', 46464, 'WITHDRAWAL', '', 'N', '현금', '20250408', '한슬치킨', '1552', 1, 83),
	(6867, 'N', 1, 'DEPOSIT', NULL, 'N', '한국은행 더 나은 수시입출금', '20250408', 'MarshMellow 3780', '1522', 118, 3),
	(6868, 'N', 10000, 'DEPOSIT', NULL, 'N', '한국은행 더 나은 수시입출금', '20250408', 'MarshMellow 입금 윤재은', '1523', 118, 3),
	(7133, 'N', 216000, 'WITHDRAWAL', NULL, 'N', 'KB국민 My WE:SH 카드', '20250408', '엘지유플러스', '1439', 58, 78),
	(7134, 'N', 20000, 'WITHDRAWAL', NULL, 'N', '신한카드 YaY', '20250408', '네이버페이', '1444', 32, 78),
	(7135, 'N', 700, 'WITHDRAWAL', NULL, 'N', '신한카드 YaY', '20250408', 'KOCES_자판기', '1443', 26, 78),
	(7136, 'N', 5000, 'WITHDRAWAL', NULL, 'N', '신한카드 YaY', '20250408', 'CU 편의점', '1442', 24, 78),
	(7137, 'N', 4400, 'WITHDRAWAL', NULL, 'N', '신한카드 YaY', '20250408', '카카오택시', '1440', 46, 78),
	(7138, 'Y', 256000, 'WITHDRAWAL', NULL, 'N', '현대카드 M', '20250408', 'Temu', '1437', 30, 78),
	(7139, 'N', 100000, 'DEPOSIT', NULL, 'N', 'KB종합통장', '20250408', '신희원', '1450', 140, 78),
	(7140, 'N', 10000, 'TRANSFER', NULL, 'N', 'KB종합통장', '20250408', '카카오페이', '1451', 32, 78),
	(7141, 'N', 40400, 'TRANSFER', NULL, 'N', 'KB종합통장', '20250408', '주식회사 SRT', '1451', 47, 78),
	(7142, 'N', 3200, 'TRANSFER', NULL, 'N', 'KB종합통장', '20250408', '이디야커피하남', '1452', 10, 78),
	(7143, 'N', 6480, 'TRANSFER', NULL, 'N', 'KB종합통장', '20250408', '롯데리아미사역', '1452', 13, 78),
	(7144, 'N', 10000, 'TRANSFER', NULL, 'N', 'KB종합통장', '20250408', '카카오페이', '1452', 32, 78),
	(7145, 'N', 11600, 'TRANSFER', NULL, 'N', 'KB종합통장', '20250408', '이동의즐거움_택', '1452', 46, 78),
	(7148, 'N', 2500000, 'TRANSFER', NULL, 'N', '카카오뱅크 입출금 통장', '20250408', '예금 개설', '1346', 135, 78),
	(7150, 'N', 1000000, 'TRANSFER', NULL, 'N', '카카오뱅크 입출금 통장', '20250408', '적금 개설', '1352', 135, 78),
	(7151, 'N', 3000000, 'DEPOSIT', NULL, 'N', '카카오뱅크 입출금 통장', '20250408', '(수시입출금) 입금', '1353', 140, 78),
	(7152, 'N', 650000, 'TRANSFER', NULL, 'N', '카카오뱅크 입출금 통장', '20250408', '적금 개설', '1355', 135, 78),
	(7153, 'N', 500000, 'TRANSFER', NULL, 'N', '카카오뱅크 입출금 통장', '20250408', '적금 개설', '1356', 135, 78),
	(7990, 'N', 20000, 'WITHDRAWAL', '아침 김밥', 'N', '토스뱅크카드', '20250308', '김밥천국', '083000', 1, 80),
	(7991, 'N', 35000, 'WITHDRAWAL', '점심 햄버거', 'N', '토스뱅크카드', '20250309', '버거킹', '121500', 4, 80),
	(7992, 'N', 48000, 'WITHDRAWAL', '야식 세트', 'N', '토스뱅크카드', '20250310', '롯데리아', '191000', 4, 80),
	(7993, 'N', 32000, 'WITHDRAWAL', '치킨버거 세트', 'N', '토스뱅크카드', '20250311', '맘스터치', '114500', 7, 80),
	(7994, 'N', 54000, 'WITHDRAWAL', '스시 회식', 'N', '토스뱅크카드', '20250312', '스시노백쉐프', '134000', 3, 80),
	(7995, 'N', 38000, 'WITHDRAWAL', '야식 치킨', 'N', '토스뱅크카드', '20250313', '호식이두마리치킨', '201500', 8, 80),
	(7996, 'N', 60000, 'WITHDRAWAL', '외식', 'N', '토스뱅크카드', '20250314', '계절밥상', '123000', 6, 80),
	(7997, 'N', 46000, 'WITHDRAWAL', '피자 회식', 'N', '토스뱅크카드', '20250316', '미스터피자', '193000', 9, 80),
	(7998, 'N', 37000, 'WITHDRAWAL', '배달 치킨', 'N', '토스뱅크카드', '20250318', 'BHC치킨', '175000', 8, 80),
	(7999, 'N', 49000, 'WITHDRAWAL', '삼겹살 저녁', 'N', '토스뱅크카드', '20250320', '하남돼지집', '191500', 7, 80),
	(8000, 'N', 34000, 'WITHDRAWAL', '점심 오므라이스', 'N', '토스뱅크카드', '20250322', '오므토토마토', '115000', 1, 80),
	(8001, 'N', 26000, 'WITHDRAWAL', '혼밥 카레', 'N', '토스뱅크카드', '20250324', '아비꼬카레', '124000', 1, 80),
	(8002, 'N', 41000, 'WITHDRAWAL', '야식 피자', 'N', '토스뱅크카드', '20250328', '피자헛', '202000', 9, 80),
	(8003, 'N', 27000, 'WITHDRAWAL', '떡볶이 야식', 'N', '토스뱅크카드', '20250402', '신전떡볶이', '181000', 5, 80),
	(8004, 'N', 55000, 'WITHDRAWAL', '뷔페 외식', 'N', '토스뱅크카드', '20250407', '빕스', '133000', 6, 80),
	(8005, 'N', 5000, 'WITHDRAWAL', '과자 구입', 'N', '토스뱅크카드', '20250309', 'CU 수완점', '104000', 24, 80),
	(8006, 'N', 6000, 'WITHDRAWAL', '음료', 'N', '토스뱅크카드', '20250310', 'GS25 본점', '101200', 24, 80),
	(8007, 'N', 3000, 'WITHDRAWAL', '컵라면', 'N', '토스뱅크카드', '20250311', '세븐일레븐', '220000', 24, 80),
	(8008, 'N', 4000, 'WITHDRAWAL', '생수', 'N', '토스뱅크카드', '20250312', '이마트24', '095500', 25, 80),
	(8009, 'N', 8000, 'WITHDRAWAL', '도시락', 'N', '토스뱅크카드', '20250313', 'GS25', '083000', 24, 80),
	(8010, 'N', 5000, 'WITHDRAWAL', '샴푸', 'N', '토스뱅크카드', '20250314', '이마트24', '192500', 25, 80),
	(8011, 'N', 6000, 'WITHDRAWAL', '간식', 'N', '토스뱅크카드', '20250316', 'CU', '102000', 24, 80),
	(8012, 'N', 2000, 'WITHDRAWAL', '껌', 'N', '토스뱅크카드', '20250317', 'GS25', '090000', 24, 80),
	(8013, 'N', 4000, 'WITHDRAWAL', '라면', 'N', '토스뱅크카드', '20250318', '이마트24', '153000', 25, 80),
	(8014, 'N', 6000, 'WITHDRAWAL', '과자', 'N', '토스뱅크카드', '20250319', 'CU', '210000', 24, 80),
	(8015, 'N', 5000, 'WITHDRAWAL', '초콜릿', 'N', '토스뱅크카드', '20250322', 'GS25', '133000', 24, 80),
	(8016, 'N', 4000, 'WITHDRAWAL', '젤리', 'N', '토스뱅크카드', '20250324', 'CU', '121000', 24, 80),
	(8017, 'N', 5000, 'WITHDRAWAL', '휴지', 'N', '토스뱅크카드', '20250326', '이마트24', '143000', 25, 80),
	(8018, 'N', 5000, 'WITHDRAWAL', '우유', 'N', '토스뱅크카드', '20250328', 'GS25', '160000', 24, 80),
	(8019, 'N', 5000, 'WITHDRAWAL', '맥주', 'N', '토스뱅크카드', '20250401', 'CU', '181500', 24, 80),
	(8020, 'N', 13000, 'WITHDRAWAL', '3월 휴대폰 요금', 'N', '토스뱅크카드', '20250324', '(주) 프리텔레콤', '155512', 58, 80),
	(8021, 'N', 50000, 'WITHDRAWAL', '기름 넣음', 'N', '토스뱅크카드', '20250323', '수완행복주유소', '104512', 50, 80),
	(8022, 'N', 15000, 'WITHDRAWAL', '버스비 충전', 'N', '토스뱅크카드', '20250324', '(주)이동의즐거움', '155512', 46, 80),
	(8023, 'N', 40000, 'WITHDRAWAL', '영화 관람', 'N', '토스뱅크카드', '20250316', 'CGV 광주수완', '210000', 86, 80),
	(8024, 'N', 38000, 'WITHDRAWAL', '숙소 예약', 'N', '토스뱅크카드', '20250330', '여기어때', '181500', 94, 80),
	(8025, 'N', 3000, 'WITHDRAWAL', '아침 커피', 'N', '토스뱅크카드', '20250308', '이디야커피', '090000', 10, 80),
	(8026, 'N', 4000, 'WITHDRAWAL', '라떼 한 잔', 'N', '토스뱅크카드', '20250309', '메가커피', '110000', 10, 80),
	(8027, 'N', 3500, 'WITHDRAWAL', '아메리카노', 'N', '토스뱅크카드', '20250310', '스타벅스', '150000', 10, 80),
	(8028, 'N', 3500, 'WITHDRAWAL', '도넛', 'N', '토스뱅크카드', '20250311', '던킨도너츠', '134500', 13, 80),
	(8029, 'N', 3000, 'WITHDRAWAL', '카푸치노', 'N', '토스뱅크카드', '20250312', '파스쿠찌', '104000', 10, 80),
	(8030, 'N', 4000, 'WITHDRAWAL', '디저트 세트', 'N', '토스뱅크카드', '20250313', '투썸플레이스', '173000', 12, 80),
	(8031, 'N', 2500, 'WITHDRAWAL', '에스프레소', 'N', '토스뱅크카드', '20250314', '할리스', '113000', 10, 80),
	(8032, 'N', 3500, 'WITHDRAWAL', '아침 커피', 'N', '토스뱅크카드', '20250315', '이디야커피', '082000', 10, 80),
	(8033, 'N', 3000, 'WITHDRAWAL', '바닐라라떼', 'N', '토스뱅크카드', '20250316', '메가커피', '100000', 10, 80),
	(8034, 'N', 3000, 'WITHDRAWAL', '디카페인', 'N', '토스뱅크카드', '20250317', '스타벅스', '160000', 10, 80),
	(8035, 'N', 3000, 'WITHDRAWAL', '아이스크림', 'N', '토스뱅크카드', '20250318', '베스킨라빈스', '140000', 14, 80),
	(8036, 'N', 3500, 'WITHDRAWAL', '모닝도넛', 'N', '토스뱅크카드', '20250320', '던킨도너츠', '103000', 13, 80),
	(8037, 'N', 4000, 'WITHDRAWAL', '플랫화이트', 'N', '토스뱅크카드', '20250322', '폴바셋', '153000', 10, 80),
	(8038, 'N', 3000, 'WITHDRAWAL', '블랙커피', 'N', '토스뱅크카드', '20250325', '컴포즈커피', '130000', 10, 80),
	(8039, 'N', 3500, 'WITHDRAWAL', '카페모카', 'N', '토스뱅크카드', '20250328', '이디야커피', '093000', 10, 80),
	(8040, 'N', 100000, 'WITHDRAWAL', '봄 옷 쇼핑', 'N', '토스뱅크카드', '20250314', '무신사 스토어', '150045', 35, 80),
	(8262, 'N', 40000, 'WITHDRAWAL', '아침 김밥', 'N', '토스뱅크카드', '20250308', '김밥천국', '083001', 1, 71),
	(8263, 'N', 70000, 'WITHDRAWAL', '점심 햄버거', 'N', '토스뱅크카드', '20250309', '버거킹', '121530', 4, 71),
	(8264, 'N', 96000, 'WITHDRAWAL', '야식 세트', 'N', '토스뱅크카드', '20250310', '롯데리아', '191001', 4, 71),
	(8265, 'N', 64000, 'WITHDRAWAL', '치킨버거 세트', 'N', '토스뱅크카드', '20250311', '맘스터치', '114501', 7, 71),
	(8266, 'N', 108000, 'WITHDRAWAL', '스시 회식', 'N', '토스뱅크카드', '20250312', '스시노백쉐프', '134001', 3, 71),
	(8267, 'N', 76000, 'WITHDRAWAL', '야식 치킨', 'N', '토스뱅크카드', '20250313', '호식이두마리치킨', '201501', 8, 71),
	(8268, 'N', 120000, 'WITHDRAWAL', '외식', 'N', '토스뱅크카드', '20250314', '계절밥상', '123020', 6, 71),
	(8269, 'N', 92000, 'WITHDRAWAL', '피자 회식', 'N', '토스뱅크카드', '20250316', '미스터피자', '193001', 9, 71),
	(8270, 'N', 74000, 'WITHDRAWAL', '배달 치킨', 'N', '토스뱅크카드', '20250318', 'BHC치킨', '175100', 8, 71),
	(8271, 'N', 98000, 'WITHDRAWAL', '삼겹살 저녁', 'N', '토스뱅크카드', '20250320', '하남돼지집', '191501', 7, 71),
	(8272, 'N', 68000, 'WITHDRAWAL', '점심 오므라이스', 'N', '토스뱅크카드', '20250322', '오므토토마토', '115001', 1, 71),
	(8273, 'N', 52000, 'WITHDRAWAL', '혼밥 카레', 'N', '토스뱅크카드', '20250324', '아비꼬카레', '124001', 1, 71),
	(8274, 'N', 82000, 'WITHDRAWAL', '야식 피자', 'N', '토스뱅크카드', '20250328', '피자헛', '202001', 9, 71),
	(8275, 'N', 54000, 'WITHDRAWAL', '떡볶이 야식', 'N', '토스뱅크카드', '20250402', '신전떡볶이', '181001', 5, 71),
	(8276, 'N', 110000, 'WITHDRAWAL', '뷔페 외식', 'N', '토스뱅크카드', '20250407', '빕스', '133010', 6, 71),
	(8277, 'N', 10000, 'WITHDRAWAL', '과자 구입', 'N', '토스뱅크카드', '20250309', 'CU 수완점', '104001', 24, 71),
	(8278, 'N', 12000, 'WITHDRAWAL', '음료', 'N', '토스뱅크카드', '20250310', 'GS25 본점', '101201', 24, 71),
	(8279, 'N', 6000, 'WITHDRAWAL', '컵라면', 'N', '토스뱅크카드', '20250311', '세븐일레븐', '220001', 24, 71),
	(8280, 'N', 8000, 'WITHDRAWAL', '생수', 'N', '토스뱅크카드', '20250312', '이마트24', '095501', 25, 71),
	(8281, 'N', 16000, 'WITHDRAWAL', '도시락', 'N', '토스뱅크카드', '20250313', 'GS25', '083100', 24, 71),
	(8282, 'N', 10000, 'WITHDRAWAL', '샴푸', 'N', '토스뱅크카드', '20250314', '이마트24', '192501', 25, 71),
	(8283, 'N', 12000, 'WITHDRAWAL', '간식', 'N', '토스뱅크카드', '20250316', 'CU', '102100', 24, 71),
	(8284, 'N', 4000, 'WITHDRAWAL', '껌', 'N', '토스뱅크카드', '20250317', 'GS25', '090010', 24, 71),
	(8285, 'N', 8000, 'WITHDRAWAL', '라면', 'N', '토스뱅크카드', '20250318', '이마트24', '153001', 25, 71),
	(8286, 'N', 12000, 'WITHDRAWAL', '과자', 'N', '토스뱅크카드', '20250319', 'CU', '210010', 24, 71),
	(8287, 'N', 10000, 'WITHDRAWAL', '초콜릿', 'N', '토스뱅크카드', '20250322', 'GS25', '133001', 24, 71),
	(8288, 'N', 8000, 'WITHDRAWAL', '젤리', 'N', '토스뱅크카드', '20250324', 'CU', '121001', 24, 71),
	(8289, 'N', 10000, 'WITHDRAWAL', '휴지', 'N', '토스뱅크카드', '20250326', '이마트24', '143001', 25, 71),
	(8290, 'N', 10000, 'WITHDRAWAL', '우유', 'N', '토스뱅크카드', '20250328', 'GS25', '160010', 24, 71),
	(8291, 'N', 10000, 'WITHDRAWAL', '맥주', 'N', '토스뱅크카드', '20250401', 'CU', '181501', 24, 71),
	(8292, 'N', 26000, 'WITHDRAWAL', '3월 휴대폰 요금', 'N', '토스뱅크카드', '20250324', '(주) 프리텔레콤', '155522', 58, 71),
	(8293, 'N', 100000, 'WITHDRAWAL', '기름 넣음', 'N', '토스뱅크카드', '20250323', '수완행복주유소', '104511', 50, 71),
	(8294, 'N', 30000, 'WITHDRAWAL', '버스비 충전', 'N', '토스뱅크카드', '20250324', '(주)이동의즐거움', '155522', 46, 71),
	(8295, 'N', 80000, 'WITHDRAWAL', '영화 관람', 'N', '토스뱅크카드', '20250316', 'CGV 광주수완', '210011', 86, 71),
	(8296, 'N', 76000, 'WITHDRAWAL', '숙소 예약', 'N', '토스뱅크카드', '20250330', '여기어때', '181501', 94, 71),
	(8297, 'N', 6000, 'WITHDRAWAL', '아침 커피', 'N', '토스뱅크카드', '20250308', '이디야커피', '090001', 10, 71),
	(8298, 'N', 8000, 'WITHDRAWAL', '라떼 한 잔', 'N', '토스뱅크카드', '20250309', '메가커피', '110001', 10, 71),
	(8299, 'N', 7000, 'WITHDRAWAL', '아메리카노', 'N', '토스뱅크카드', '20250310', '스타벅스', '150001', 10, 71),
	(8300, 'N', 7000, 'WITHDRAWAL', '도넛', 'N', '토스뱅크카드', '20250311', '던킨도너츠', '134501', 13, 71),
	(8301, 'N', 6000, 'WITHDRAWAL', '카푸치노', 'N', '토스뱅크카드', '20250312', '파스쿠찌', '104010', 10, 71),
	(8302, 'N', 8000, 'WITHDRAWAL', '디저트 세트', 'N', '토스뱅크카드', '20250313', '투썸플레이스', '173001', 12, 71),
	(8303, 'N', 5000, 'WITHDRAWAL', '에스프레소', 'N', '토스뱅크카드', '20250314', '할리스', '113010', 10, 71),
	(8304, 'N', 7000, 'WITHDRAWAL', '아침 커피', 'N', '토스뱅크카드', '20250315', '이디야커피', '082001', 10, 71),
	(8305, 'N', 6000, 'WITHDRAWAL', '바닐라라떼', 'N', '토스뱅크카드', '20250316', '메가커피', '100001', 10, 71),
	(8306, 'N', 6000, 'WITHDRAWAL', '디카페인', 'N', '토스뱅크카드', '20250317', '스타벅스', '160001', 10, 71),
	(8307, 'N', 6000, 'WITHDRAWAL', '아이스크림', 'N', '토스뱅크카드', '20250318', '베스킨라빈스', '140001', 14, 71),
	(8308, 'N', 7000, 'WITHDRAWAL', '모닝도넛', 'N', '토스뱅크카드', '20250320', '던킨도너츠', '103010', 13, 71),
	(8309, 'N', 8000, 'WITHDRAWAL', '플랫화이트', 'N', '토스뱅크카드', '20250322', '폴바셋', '153010', 10, 71),
	(8310, 'N', 6000, 'WITHDRAWAL', '블랙커피', 'N', '토스뱅크카드', '20250325', '컴포즈커피', '130001', 10, 71),
	(8311, 'N', 7000, 'WITHDRAWAL', '카페모카', 'N', '토스뱅크카드', '20250328', '이디야커피', '093001', 10, 71),
	(8312, 'N', 200000, 'WITHDRAWAL', '봄 옷 쇼핑', 'N', '토스뱅크카드', '20250314', '무신사 스토어', '150015', 35, 71),
	(8313, 'N', 160000, 'WITHDRAWAL', '화장품 구매', 'N', '토스뱅크카드', '20250318', '올리브영', '131210', 37, 71),
	(8314, 'N', 240000, 'WITHDRAWAL', '명품 지름', 'N', '토스뱅크카드', '20250328', '롯데백화점', '172001', 38, 71),
	(8315, 'N', 114000, 'WITHDRAWAL', '귀걸이 구매', 'N', '토스뱅크카드', '20250330', '지그재그', '112010', 31, 71),
	(8316, 'N', 26000, 'WITHDRAWAL', '비상금 인출', 'N', '토스뱅크카드', '20250405', '토스 ATM', '113001', 118, 71),
	(8422, 'N', 16544, 'WITHDRAWAL', NULL, 'N', 'BC 바로 KaPick', '20250401', '김치짐', '0015', 1, 3),
	(8696, 'N', 12346, 'TRANSFER', '수정', 'N', '한국은행 수시입출금 상품', '20250409', '이체테스트', '0331', 131, 3),
	(8697, 'N', 30000, 'WITHDRAWAL', '멤ㅎ', 'N', '2번 수시입출금', '20250409', '상호명', '0340', 1, 3),
	(8700, 'N', 10000, 'TRANSFER', NULL, 'N', '한국은행 더 나은 수시입출금', '20250409', '(적금) : (9회차) 출금', '0630', 22, 3),
	(8712, 'N', 5575, 'TRANSFER', '', 'N', '한국은행 더 나은 수시입출금', '20250409', '(대출) : 우리은행 주택청약 E 대출 (8회차) 대출상환금 출금', '0830', 138, 3),
	(8718, 'N', 50000, 'WITHDRAWAL', NULL, 'N', '신한카드 YaY', '20250409', 'GS칼텍스', '0931', 47, 78),
	(8719, 'N', 1500, 'WITHDRAWAL', NULL, 'N', '신한카드 YaY', '20250409', '24시 아이스크림 할인점', '0930', 25, 78),
	(8720, 'N', 5000, 'WITHDRAWAL', NULL, 'N', '신한카드 YaY', '20250409', '아이센스리그PC', '0930', 87, 78),
	(8721, 'N', 14900, 'WITHDRAWAL', NULL, 'N', '신한카드 YaY', '20250409', '네이버페이', '0925', 32, 78),
	(8722, 'N', 700, 'WITHDRAWAL', NULL, 'N', '신한카드 YaY', '20250409', 'KOCES_자판기', '0925', 26, 78),
	(8723, 'N', 12700, 'WITHDRAWAL', NULL, 'N', '신한카드 YaY', '20250409', '카카오택시', '0925', 46, 78),
	(8724, 'N', 2500, 'WITHDRAWAL', NULL, 'N', '신한카드 YaY', '20250409', 'CU 편의점', '0924', 24, 78),
	(8737, 'N', 7000, 'DEPOSIT', NULL, 'N', 'KB종합통장', '20250409', '윤재은', '0926', 139, 78),
	(8738, 'N', 32344, 'DEPOSIT', NULL, 'N', 'KB종합통장', '20250409', 'OPENAI', '0928', 140, 78),
	(8740, 'N', 501232, 'TRANSFER', NULL, 'N', '우리 SUPER주거래 통장', '20250409', '(대출) : 경남은행 따뜻한 햇살론 뱅크 (1회차) 대출상환금 출금', '0830', 144, 78),
	(8748, 'N', 500000, 'TRANSFER', NULL, 'N', '카카오뱅크 입출금 통장', '20250409', '(적금) : (2회차) 출금', '0630', 144, 78),
	(8995, 'N', 20000, 'WITHDRAWAL', '아침 김밥', 'N', '신한카드 YaY', '20250308', '김밥천국', '0830', 1, 78),
	(8996, 'N', 35000, 'WITHDRAWAL', '점심 햄버거', 'N', '신한카드 YaY', '20250309', '버거킹', '1215', 4, 78),
	(8997, 'N', 48000, 'WITHDRAWAL', '야식 세트', 'N', '신한카드 YaY', '20250310', '롯데리아', '1910', 4, 78),
	(8998, 'N', 32000, 'WITHDRAWAL', '치킨버거 세트', 'N', '신한카드 YaY', '20250311', '맘스터치', '1145', 7, 78),
	(8999, 'N', 50400, 'WITHDRAWAL', '스시 회식', 'N', '신한카드 YaY', '20250312', '스시노백쉐프', '1140', 3, 78),
	(9000, 'N', 38000, 'WITHDRAWAL', '야식 치킨', 'N', '신한카드 YaY', '20250313', '호식이두마리치킨', '2015', 8, 78),
	(9001, 'N', 60000, 'WITHDRAWAL', '외식', 'N', '신한카드 YaY', '20250314', '계절밥상', '1230', 6, 78),
	(9002, 'N', 46000, 'WITHDRAWAL', '피자 회식', 'N', '신한카드 YaY', '20250316', '미스터피자', '1930', 9, 78),
	(9003, 'N', 37000, 'WITHDRAWAL', '배달 치킨', 'N', '신한카드 YaY', '20250318', 'BHC치킨', '1750', 8, 78),
	(9004, 'N', 49000, 'WITHDRAWAL', '삼겹살 저녁', 'N', '신한카드 YaY', '20250320', '하남돼지집', '1915', 7, 78),
	(9005, 'N', 34000, 'WITHDRAWAL', '점심 오므라이스', 'N', '신한카드 YaY', '20250322', '오므토토마토', '1150', 1, 78),
	(9006, 'N', 52000, 'WITHDRAWAL', '혼밥 카레', 'N', '신한카드 YaY', '20250324', '아비꼬카레', '1240', 1, 78),
	(9007, 'N', 41000, 'WITHDRAWAL', '야식 피자', 'N', '신한카드 YaY', '20250328', '피자헛', '2020', 9, 78),
	(9008, 'N', 27000, 'WITHDRAWAL', '떡볶이 야식', 'N', '신한카드 YaY', '20250402', '신전떡볶이', '1810', 5, 78),
	(9009, 'N', 35000, 'WITHDRAWAL', '뷔페 외식', 'N', '신한카드 YaY', '20250407', '빕스', '1330', 6, 78),
	(9010, 'N', 10000, 'WITHDRAWAL', '과자 구입', 'N', '신한카드 YaY', '20250309', 'CU 수완점', '1040', 24, 78),
	(9011, 'N', 12000, 'WITHDRAWAL', '음료', 'N', '신한카드 YaY', '20250310', 'GS25 본점', '1012', 24, 78),
	(9012, 'N', 6000, 'WITHDRAWAL', '컵라면', 'N', '신한카드 YaY', '20250311', '세븐일레븐', '2200', 24, 78),
	(9013, 'N', 8000, 'WITHDRAWAL', '생수', 'N', '신한카드 YaY', '20250312', '이마트24', '0955', 25, 78),
	(9014, 'N', 16000, 'WITHDRAWAL', '도시락', 'N', '신한카드 YaY', '20250313', 'GS25', '0830', 24, 78),
	(9015, 'N', 10000, 'WITHDRAWAL', '샴푸', 'N', '신한카드 YaY', '20250314', '이마트24', '1925', 25, 78),
	(9016, 'N', 12000, 'WITHDRAWAL', '간식', 'N', '신한카드 YaY', '20250316', 'CU', '1020', 24, 78),
	(9017, 'N', 4000, 'WITHDRAWAL', '껌', 'N', '신한카드 YaY', '20250317', 'GS25', '0900', 24, 78),
	(9018, 'N', 8000, 'WITHDRAWAL', '라면', 'N', '신한카드 YaY', '20250318', '이마트24', '1530', 25, 78),
	(9019, 'N', 12000, 'WITHDRAWAL', '과자', 'N', '신한카드 YaY', '20250319', 'CU', '2100', 24, 78),
	(9020, 'N', 10000, 'WITHDRAWAL', '초콜릿', 'N', '신한카드 YaY', '20250322', 'GS25', '1330', 24, 78),
	(9021, 'N', 8000, 'WITHDRAWAL', '젤리', 'N', '신한카드 YaY', '20250324', 'CU', '1210', 24, 78),
	(9022, 'N', 10000, 'WITHDRAWAL', '휴지', 'N', '신한카드 YaY', '20250326', '이마트24', '1430', 25, 78),
	(9023, 'N', 10000, 'WITHDRAWAL', '우유', 'N', '신한카드 YaY', '20250328', 'GS25', '1600', 24, 78),
	(9024, 'N', 10000, 'WITHDRAWAL', '맥주', 'N', '신한카드 YaY', '20250401', 'CU', '1815', 24, 78),
	(9025, 'N', 18000, 'WITHDRAWAL', '3월 휴대폰 요금', 'N', '신한카드 YaY', '20250324', '(주) 프리텔레콤', '1555', 58, 78),
	(9026, 'N', 50000, 'WITHDRAWAL', '기름 넣음', 'N', '신한카드 YaY', '20250323', '수완행복주유소', '1045', 50, 78),
	(9027, 'N', 15000, 'WITHDRAWAL', '버스비 충전', 'N', '신한카드 YaY', '20250324', '(주)이동의즐거움', '1555', 46, 78),
	(9028, 'N', 10000, 'WITHDRAWAL', '영화 관람', 'N', '신한카드 YaY', '20250316', 'CGV 광주수완', '2100', 86, 78),
	(9029, 'N', 5000, 'WITHDRAWAL', '어메니티 구매', 'N', '신한카드 YaY', '20250330', '여기어때', '1815', 94, 78),
	(9030, 'N', 3000, 'WITHDRAWAL', '아침 커피', 'N', '신한카드 YaY', '20250308', '이디야커피', '0900', 10, 78),
	(9031, 'N', 4000, 'WITHDRAWAL', '라떼 한 잔', 'N', '신한카드 YaY', '20250309', '메가커피', '1100', 10, 78),
	(9032, 'N', 3500, 'WITHDRAWAL', '아메리카노', 'N', '신한카드 YaY', '20250310', '스타벅스', '1500', 10, 78),
	(9033, 'N', 3500, 'WITHDRAWAL', '도넛', 'N', '신한카드 YaY', '20250311', '던킨도너츠', '1345', 13, 78),
	(9034, 'N', 3000, 'WITHDRAWAL', '카푸치노', 'N', '신한카드 YaY', '20250312', '파스쿠찌', '1040', 10, 78),
	(9035, 'N', 4000, 'WITHDRAWAL', '디저트 세트', 'N', '신한카드 YaY', '20250313', '투썸플레이스', '1730', 12, 78),
	(9036, 'N', 2500, 'WITHDRAWAL', '에스프레소', 'N', '신한카드 YaY', '20250314', '할리스', '1130', 10, 78),
	(9037, 'N', 3500, 'WITHDRAWAL', '아침 커피', 'N', '신한카드 YaY', '20250315', '이디야커피', '0820', 10, 78),
	(9038, 'N', 3000, 'WITHDRAWAL', '바닐라라떼', 'N', '신한카드 YaY', '20250316', '메가커피', '1000', 10, 78),
	(9039, 'N', 3000, 'WITHDRAWAL', '디카페인', 'N', '신한카드 YaY', '20250317', '스타벅스', '1600', 10, 78),
	(9040, 'N', 3000, 'WITHDRAWAL', '아이스크림', 'N', '신한카드 YaY', '20250318', '베스킨라빈스', '1400', 14, 78),
	(9041, 'N', 7000, 'WITHDRAWAL', '모닝도넛', 'N', '신한카드 YaY', '20250320', '던킨도너츠', '1030', 13, 78),
	(9042, 'N', 3500, 'WITHDRAWAL', '플랫화이트', 'N', '신한카드 YaY', '20250322', '폴바셋', '1530', 10, 78),
	(9043, 'N', 3000, 'WITHDRAWAL', '블랙커피', 'N', '신한카드 YaY', '20250325', '컴포즈커피', '1300', 10, 78),
	(9044, 'N', 3500, 'WITHDRAWAL', '카페모카', 'N', '신한카드 YaY', '20250328', '이디야커피', '0930', 10, 78),
	(9045, 'N', 18900, 'WITHDRAWAL', '봄 옷 쇼핑', 'N', '신한카드 YaY', '20250314', '무신사 스토어', '1500', 35, 78),
	(9046, 'N', 32000, 'WITHDRAWAL', '화장품 구매', 'N', '신한카드 YaY', '20250318', '올리브영', '1312', 37, 78),
	(9047, 'N', 23000, 'WITHDRAWAL', '스카프 구매', 'N', '신한카드 YaY', '20250328', '롯데백화점', '1720', 38, 78),
	(9048, 'N', 18200, 'WITHDRAWAL', '귀걸이 구매', 'N', '신한카드 YaY', '20250330', '지그재그', '1120', 31, 78),
	(9049, 'N', 26000, 'WITHDRAWAL', '비상금 인출', 'N', '신한카드 YaY', '20250405', '토스 ATM', '1130', 118, 78),
	(9093, 'N', 20000, 'WITHDRAWAL', '아침 김밥', 'N', '신한카드 YaY', '20250208', '김밥천국', '0830', 1, 78),
	(9094, 'N', 35000, 'WITHDRAWAL', '점심 햄버거', 'N', '신한카드 YaY', '20250209', '버거킹', '1215', 4, 78),
	(9095, 'N', 38000, 'WITHDRAWAL', '야식 세트', 'N', '신한카드 YaY', '20250210', '롯데리아', '1910', 4, 78),
	(9096, 'N', 32000, 'WITHDRAWAL', '치킨버거 세트', 'N', '신한카드 YaY', '20250211', '맘스터치', '1145', 7, 78),
	(9097, 'N', 50400, 'WITHDRAWAL', '스시 회식', 'N', '신한카드 YaY', '20250212', '스시노백쉐프', '1340', 3, 78),
	(9098, 'N', 38000, 'WITHDRAWAL', '야식 치킨', 'N', '신한카드 YaY', '20250213', '호식이두마리치킨', '2015', 8, 78),
	(9099, 'N', 60000, 'WITHDRAWAL', '외식', 'N', '신한카드 YaY', '20250214', '계절밥상', '1230', 6, 78),
	(9100, 'N', 46000, 'WITHDRAWAL', '피자 회식', 'N', '신한카드 YaY', '20250216', '미스터피자', '1930', 9, 78),
	(9101, 'N', 37000, 'WITHDRAWAL', '배달 치킨', 'N', '신한카드 YaY', '20250218', 'BHC치킨', '1750', 8, 78),
	(9102, 'N', 49000, 'WITHDRAWAL', '삼겹살 저녁', 'N', '신한카드 YaY', '20250220', '하남돼지집', '1915', 7, 78),
	(9103, 'N', 34000, 'WITHDRAWAL', '점심 오므라이스', 'N', '신한카드 YaY', '20250222', '오므토토마토', '1150', 1, 78),
	(9104, 'N', 26000, 'WITHDRAWAL', '혼밥 카레', 'N', '신한카드 YaY', '20250224', '아비꼬카레', '1240', 1, 78),
	(9105, 'N', 41000, 'WITHDRAWAL', '야식 피자', 'N', '신한카드 YaY', '20250228', '피자헛', '2020', 9, 78),
	(9106, 'N', 27000, 'WITHDRAWAL', '떡볶이 야식', 'N', '신한카드 YaY', '20250302', '신전떡볶이', '1810', 5, 78),
	(9107, 'N', 110000, 'WITHDRAWAL', '뷔페 외식', 'N', '신한카드 YaY', '20250307', '빕스', '1330', 6, 78),
	(9108, 'N', 5000, 'WITHDRAWAL', '과자 구입', 'N', '신한카드 YaY', '20250209', 'CU 수완점', '1040', 24, 78),
	(9109, 'N', 6000, 'WITHDRAWAL', '음료', 'N', '신한카드 YaY', '20250210', 'GS25 본점', '1012', 24, 78),
	(9110, 'N', 3000, 'WITHDRAWAL', '컵라면', 'N', '신한카드 YaY', '20250211', '세븐일레븐', '2200', 24, 78),
	(9111, 'N', 4000, 'WITHDRAWAL', '생수', 'N', '신한카드 YaY', '20250212', '이마트24', '0955', 25, 78),
	(9112, 'N', 8000, 'WITHDRAWAL', '도시락', 'N', '신한카드 YaY', '20250213', 'GS25', '0830', 24, 78),
	(9113, 'N', 5000, 'WITHDRAWAL', '샴푸', 'N', '신한카드 YaY', '20250214', '이마트24', '1925', 25, 78),
	(9114, 'N', 6000, 'WITHDRAWAL', '간식', 'N', '신한카드 YaY', '20250216', 'CU', '1020', 24, 78),
	(9115, 'N', 2000, 'WITHDRAWAL', '껌', 'N', '신한카드 YaY', '20250217', 'GS25', '0900', 24, 78),
	(9116, 'N', 4000, 'WITHDRAWAL', '라면', 'N', '신한카드 YaY', '20250218', '이마트24', '1530', 25, 78),
	(9117, 'N', 6000, 'WITHDRAWAL', '과자', 'N', '신한카드 YaY', '20250219', 'CU', '2100', 24, 78),
	(9118, 'N', 5000, 'WITHDRAWAL', '초콜릿', 'N', '신한카드 YaY', '20250222', 'GS25', '1330', 24, 78),
	(9119, 'N', 4000, 'WITHDRAWAL', '젤리', 'N', '신한카드 YaY', '20250224', 'CU', '1210', 24, 78),
	(9120, 'N', 5000, 'WITHDRAWAL', '휴지', 'N', '신한카드 YaY', '20250226', '이마트24', '1430', 25, 78),
	(9121, 'N', 5000, 'WITHDRAWAL', '우유', 'N', '신한카드 YaY', '20250228', 'GS25', '1600', 24, 78),
	(9122, 'N', 10000, 'WITHDRAWAL', '맥주', 'N', '신한카드 YaY', '20250301', 'CU', '1815', 24, 78),
	(9123, 'N', 18000, 'WITHDRAWAL', '3월 휴대폰 요금', 'N', '신한카드 YaY', '20250224', '(주) 프리텔레콤', '1555', 58, 78),
	(9124, 'N', 50000, 'WITHDRAWAL', '기름 넣음', 'N', '신한카드 YaY', '20250223', '수완행복주유소', '1045', 50, 78),
	(9125, 'N', 15000, 'WITHDRAWAL', '버스비 충전', 'N', '신한카드 YaY', '20250224', '(주)이동의즐거움', '1555', 46, 78),
	(9126, 'N', 40000, 'WITHDRAWAL', '영화 관람', 'N', '신한카드 YaY', '20250216', 'CGV 광주수완', '2100', 86, 78),
	(9127, 'N', 38000, 'WITHDRAWAL', '숙소 예약', 'N', '신한카드 YaY', '20250228', '여기어때', '1815', 94, 78),
	(9128, 'N', 3000, 'WITHDRAWAL', '아침 커피', 'N', '신한카드 YaY', '20250208', '이디야커피', '0900', 10, 78),
	(9129, 'N', 4000, 'WITHDRAWAL', '라떼 한 잔', 'N', '신한카드 YaY', '20250209', '메가커피', '1100', 10, 78),
	(9130, 'N', 3500, 'WITHDRAWAL', '아메리카노', 'N', '신한카드 YaY', '20250210', '스타벅스', '1500', 10, 78),
	(9131, 'N', 3500, 'WITHDRAWAL', '도넛', 'N', '신한카드 YaY', '20250211', '던킨도너츠', '1345', 13, 78),
	(9132, 'N', 3000, 'WITHDRAWAL', '카푸치노', 'N', '신한카드 YaY', '20250212', '파스쿠찌', '1040', 10, 78),
	(9133, 'N', 4000, 'WITHDRAWAL', '디저트 세트', 'N', '신한카드 YaY', '20250213', '투썸플레이스', '1730', 12, 78),
	(9134, 'N', 2500, 'WITHDRAWAL', '에스프레소', 'N', '신한카드 YaY', '20250214', '할리스', '1130', 10, 78),
	(9135, 'N', 3500, 'WITHDRAWAL', '아침 커피', 'N', '신한카드 YaY', '20250215', '이디야커피', '0820', 10, 78),
	(9136, 'N', 3000, 'WITHDRAWAL', '바닐라라떼', 'N', '신한카드 YaY', '20250216', '메가커피', '1000', 10, 78),
	(9137, 'N', 3000, 'WITHDRAWAL', '디카페인', 'N', '신한카드 YaY', '20250217', '스타벅스', '1600', 10, 78),
	(9138, 'N', 3000, 'WITHDRAWAL', '아이스크림', 'N', '신한카드 YaY', '20250218', '베스킨라빈스', '1400', 14, 78),
	(9139, 'N', 3500, 'WITHDRAWAL', '모닝도넛', 'N', '신한카드 YaY', '20250220', '던킨도너츠', '1030', 13, 78),
	(9140, 'N', 2000, 'WITHDRAWAL', '플랫화이트', 'N', '신한카드 YaY', '20250222', '폴바셋', '1530', 10, 78),
	(9141, 'N', 1500, 'WITHDRAWAL', '블랙커피', 'N', '신한카드 YaY', '20250225', '컴포즈커피', '1300', 10, 78),
	(9142, 'N', 3500, 'WITHDRAWAL', '카페모카', 'N', '신한카드 YaY', '20250228', '이디야커피', '0930', 10, 78),
	(9143, 'N', 100000, 'WITHDRAWAL', '봄 옷 쇼핑', 'N', '신한카드 YaY', '20250214', '무신사 스토어', '1500', 35, 78),
	(9144, 'N', 8000, 'WITHDRAWAL', '화장품 구매', 'N', '신한카드 YaY', '20250218', '올리브영', '1312', 37, 78),
	(9145, 'N', 120000, 'WITHDRAWAL', '명품 지름', 'N', '신한카드 YaY', '20250228', '롯데백화점', '1720', 38, 78),
	(9146, 'N', 57000, 'WITHDRAWAL', '귀걸이 구매', 'N', '신한카드 YaY', '20250228', '지그재그', '1120', 31, 78),
	(9147, 'N', 13000, 'WITHDRAWAL', '비상금 인출', 'N', '신한카드 YaY', '20250305', '토스 ATM', '1130', 118, 78),
	(9460, 'N', 10001, 'TRANSFER', NULL, 'N', '한국은행 더 나은 수시입출금', '20250409', '(신용카드) : 신한카드 YaY (202503월6주차) 카드출금', '1600', 138, 3),
	(9461, 'N', 225630, 'TRANSFER', NULL, 'N', '한국은행 더 나은 수시입출금', '20250409', '(신용카드) : 롯데카드 K패스 (202503월6주차) 카드출금', '1600', 16, 3),
	(9548, 'N', 38000, 'WITHDRAWAL', '생일 케이크', 'N', '신한카드 YaY', '20250323', '파리바게트', '0900', 10, 78),
	(9549, 'N', 25000, 'WITHDRAWAL', '요아정', 'N', '신한카드 YaY', '20250323', '요거트아이스크림의정석', '0900', 10, 78),
	(9550, 'N', 43000, 'WITHDRAWAL', '과일모찌', 'N', '신한카드 YaY', '20250330', '봄날의매미', '090000', 10, 78),
	(9551, 'N', 82000, 'WITHDRAWAL', '떡케이크', 'N', '신한카드 YaY', '20250319', '시루미', '090000', 10, 78),
	(9552, 'N', 22000, 'WITHDRAWAL', '지각커피', 'N', '신한카드 YaY', '20250411', '스타벅스', '090000', 10, 78),
	(9679, 'N', 10000, 'TRANSFER', NULL, 'N', '한국은행 더 나은 수시입출금', '20250410', '(적금) : (10회차) 출금', '0630', 3, 3),
	(9682, 'N', 904932, 'DEPOSIT', NULL, 'N', '한국은행 더 나은 수시입출금', '20250410', '(예금) : 만기이자 지급', '0700', 22, 3),
	(9683, 'N', 5555, 'TRANSFER', NULL, 'N', '한국은행 더 나은 수시입출금', '20250410', '(대출) : 우리은행 주택청약 E 대출 (9회차) 대출상환금 출금', '0830', 136, 3),
	(9684, 'N', 2500, 'WITHDRAWAL', NULL, 'N', '한국은행 더 나은 수시입출금', '20250410', '테스트', '1045', 80, 3),
	(9780, 'N', 133000, 'WITHDRAWAL', '술', 'N', '신한카드 YAY', '20250410', 'YUZAKAYA', '1259', 16, 78),
	(9781, 'N', 172000, 'WITHDRAWAL', '신라호텔 케이크', 'N', '신한카드 YAY', '20250410', '패스트리 부티크', '1301', 11, 78),
	(9782, 'N', 53000, 'WITHDRAWAL', '신라호텔 빙수', 'N', '신한카드 YAY', '20250410', '패스트리 부티크', '1302', 11, 78),
	(9783, 'N', 53000, 'WITHDRAWAL', '딸기시루', 'N', '신한카드 YAY', '20250410', '성심당 본점', '1302', 11, 78),
	(9784, 'N', 11990, 'WITHDRAWAL', '유튜브 프리미엄', 'N', 'KB종합통장', '20250410', 'Google Korea', '1258', 34, 78),
	(9790, 'N', 21900, 'WITHDRAWAL', '버스비', 'N', 'KB종합통장', '20250403', 'KB 카드 출금', '1521', 47, 78),
	(9791, 'N', 101300, 'WITHDRAWAL', '축의금', 'N', 'KB종합통장', '20250403', 'CD 출금', '1521', 113, 78),
	(9797, 'N', 45600, 'WITHDRAWAL', '오삼불고기', 'N', 'KB국민 My WE:SH 카드', '20250318', '수완식당', '1521', 1, 78),
	(9853, 'N', 7000001, 'WITHDRAWAL', 'ㅌㅔ스트', 'N', 'BC 바로 KaPick', '20250410', '남', '1635', 116, 3),
	(9855, 'N', 233000, 'WITHDRAWAL', '', 'N', '신한카드 YaY', '20250318', '한돈', '2155', 1, 78),
	(10016, 'N', 1000, 'DEPOSIT', NULL, 'N', 'KB종합통장', '20250411', 'MarshMellow 입금 윤재은', '0300', 37, 78),
	(10017, 'N', 1000, 'TRANSFER', NULL, 'N', '우리 SUPER주거래 통장', '20250411', '송금', '0300', 26, 78),
	(10039, 'N', 200000, 'DEPOSIT', NULL, 'N', 'KB종합통장', '20250411', 'MarshMellow 입금 윤재은', '0328', 37, 78),
	(10041, 'N', 200000, 'TRANSFER', NULL, 'N', '우리 SUPER주거래 통장', '20250411', '송금', '0328', 26, 78);

-- 테이블 데이터 gbh_mm.tbl_household_category:~42 rows (대략적) 내보내기
INSERT INTO `tbl_household_category` (`household_category_pk`, `household_category_image_url`, `household_category_name`) VALUES
	(1, NULL, '식비'),
	(2, NULL, '카페/간식'),
	(3, NULL, '술/유흥'),
	(4, NULL, '생활'),
	(5, NULL, '온라인 쇼핑'),
	(6, NULL, '패션/쇼핑'),
	(7, NULL, '뷰티/미용'),
	(8, NULL, '교통'),
	(9, NULL, '자동차'),
	(10, NULL, '주거/통신'),
	(11, NULL, '의료/건강'),
	(12, NULL, '금융'),
	(13, NULL, '문화/여가'),
	(14, NULL, '여행/숙박'),
	(15, NULL, '교육/학습'),
	(16, NULL, '자녀/육아'),
	(17, NULL, '반려동물'),
	(18, NULL, '경조/선물'),
	(19, NULL, '미분류'),
	(20, NULL, '급여'),
	(21, NULL, '상여금'),
	(22, NULL, '사업수입'),
	(23, NULL, '아르바이트'),
	(24, NULL, '용돈'),
	(25, NULL, '금융수입'),
	(26, NULL, '보험금'),
	(27, NULL, '장학금'),
	(28, NULL, '부동산'),
	(29, NULL, '더치페이'),
	(30, NULL, '기타수입'),
	(31, NULL, '내계좌이체'),
	(32, NULL, '이체'),
	(33, NULL, '카드대금'),
	(34, NULL, '저축'),
	(35, NULL, '현금'),
	(36, NULL, '투자'),
	(37, NULL, '대출'),
	(38, NULL, '보험'),
	(39, NULL, '기타');

-- 테이블 데이터 gbh_mm.tbl_household_detail_category:~140 rows (대략적) 내보내기
INSERT INTO `tbl_household_detail_category` (`household_detail_category_pk`, `household_detail_category`, `ai_category_pk`, `household_category_pk`) VALUES
	(1, '한식', 2, 1),
	(2, '중식', 2, 1),
	(3, '일식', 2, 1),
	(4, '양식', 2, 1),
	(5, '아시아 음식', 2, 1),
	(6, '뷔페', 2, 1),
	(7, '고기', 2, 1),
	(8, '치킨', 2, 1),
	(9, '피자', 2, 1),
	(10, '커피/음료', 7, 2),
	(11, '베이커리', 7, 2),
	(12, '디저트/떡', 7, 2),
	(13, '도넛/핫도그', 7, 2),
	(14, '아이스크림/빙수', 7, 2),
	(15, '기타 간식', 7, 2),
	(16, '맥주/호프', 6, 3),
	(17, '이자카야', 6, 3),
	(18, '와인', 6, 3),
	(19, '바', 6, 3),
	(20, '요리주점', 6, 3),
	(21, '민속주점', 6, 3),
	(22, '유흥시설', 6, 3),
	(23, '생필품', 4, 4),
	(24, '편의점', 4, 4),
	(25, '마트', 4, 4),
	(26, '생활서비스', 4, 4),
	(27, '세탁', 4, 4),
	(28, '목욕', 4, 4),
	(29, '가구/가전', 8, 4),
	(30, '인터넷 쇼핑', 8, 5),
	(31, '홈쇼핑', 8, 6),
	(32, '결제/충전', 8, 13),
	(33, '앱스토어', 8, 5),
	(34, '서비스 구독', 1, 13),
	(35, '패션', 8, 6),
	(36, '신발', 8, 6),
	(37, '아울렛/몰', 8, 6),
	(38, '스포츠/의류', 8, 6),
	(39, '백화점', 8, 6),
	(40, '화장품', 8, 7),
	(41, '헤어샵', 6, 7),
	(42, '미용관리', 6, 7),
	(43, '미용용품', 6, 7),
	(44, '네일', 6, 7),
	(45, '피부과', 6, 7),
	(46, '택시', 3, 8),
	(47, '대중교통', 3, 8),
	(48, '철도', 3, 8),
	(49, '시외버스', 3, 8),
	(50, '주유', 3, 9),
	(51, '주차', 3, 9),
	(52, '세차', 3, 9),
	(53, '통행료', 3, 9),
	(54, '할부/리스', 3, 9),
	(55, '정비/수리', 3, 9),
	(56, '차량 보험', 3, 9),
	(57, '대리운전', 3, 9),
	(58, '휴대폰', 1, 10),
	(59, '인터넷', 1, 10),
	(60, '월세', 1, 10),
	(61, '관리비', 1, 10),
	(62, '가스비', 1, 10),
	(63, '전기세', 1, 10),
	(64, '약국', 9, 11),
	(65, '종합병원', 9, 11),
	(66, '소아과', 9, 11),
	(67, '산부인과', 9, 11),
	(68, '안과', 9, 11),
	(69, '이비인후과', 9, 11),
	(70, '성형외과', 9, 11),
	(71, '내과/가정의학', 9, 11),
	(72, '정형의학', 9, 11),
	(73, '치과', 9, 11),
	(74, '한의원', 9, 11),
	(75, '기타병원', 9, 11),
	(76, '보조식품', 6, 13),
	(77, '건강용품', 6, 13),
	(78, '운동', 6, 13),
	(79, '보험', 1, 12),
	(80, '은행', 5, 12),
	(81, '증권/투자', 5, 12),
	(82, '카드', 5, 12),
	(83, '이자/대출', 1, 12),
	(84, '세금/과태료', 5, 12),
	(85, '영화', 6, 13),
	(86, '도서', 6, 13),
	(87, '게임', 6, 13),
	(88, '음악', 6, 13),
	(89, '공연', 6, 13),
	(90, '전시/관람', 6, 13),
	(91, '취미/체험', 6, 13),
	(92, '테마파크', 6, 13),
	(93, '스포츠', 6, 13),
	(94, '마사지/스파', 6, 13),
	(95, '숙박비', 6, 14),
	(96, '항공권', 6, 14),
	(97, '여행', 6, 14),
	(98, '관광', 6, 13),
	(99, '여행용품', 8, 13),
	(100, '해외용품', 8, 13),
	(101, '학원/강의', 6, 15),
	(102, '학습교재', 9, 15),
	(103, '학교', 1, 15),
	(104, '시험료', 9, 15),
	(105, '육아용품', 8, 16),
	(106, '돌봄비', 1, 16),
	(107, '자녀용돈', 1, 16),
	(108, '자녀교육', 1, 16),
	(109, '놀이/체험', 6, 16),
	(110, '동물 병원', 9, 17),
	(111, '펫용품', 8, 17),
	(112, '사료/간식', 1, 17),
	(113, '축의금', 9, 18),
	(114, '부의금', 9, 18),
	(115, '기부/현금', 9, 18),
	(116, '선물', 9, 18),
	(117, '회의', 9, 18),
	(118, '미분류', 9, 19),
	(119, '급여', 10, 20),
	(120, '상여금', 10, 21),
	(121, '사업수입', 10, 22),
	(122, '아르바이트', 10, 23),
	(123, '용돈', 10, 24),
	(124, '금융수입', 10, 25),
	(125, '보험금', 10, 26),
	(126, '장학금', 10, 27),
	(127, '부동산', 10, 28),
	(128, '더치페이', 10, 29),
	(129, '기타수입', 10, 30),
	(130, '내계좌이체', 10, 31),
	(131, '이체', 5, 32),
	(132, '카드대금', 5, 33),
	(133, '저축', 5, 34),
	(134, '현금', 10, 35),
	(135, '투자', 5, 36),
	(136, '대출', 5, 37),
	(137, '보험', 5, 38),
	(138, '기타', 5, 39),
	(139, '내계좌이체', 10, 31),
	(140, '이체', 10, 32),
	(141, '카드대금', 10, 33),
	(142, '저축', 10, 34),
	(143, '현금', 10, 35),
	(144, '투자', 10, 36),
	(145, '대출', 10, 37),
	(146, '보험', 10, 38),
	(147, '기타', 10, 39);

-- 테이블 데이터 gbh_mm.tbl_portfolio:~6 rows (대략적) 내보내기
INSERT INTO `tbl_portfolio` (`portfolio_pk`, `craete_date`, `create_time`, `file_name`, `file_url`, `portfolio_memo`, `portfolio_category_pk`, `user_pk`, `origin_file_name`) VALUES
	(43, '20250210', '1210', '요구사항 명세서', 'https://gbh-file-server.s3.ap-northeast-2.amazonaws.com/others/%EC%9A%94%EA%B5%AC%EC%82%AC%ED%95%AD+%EB%AA%85%EC%84%B8%EC%84%9C.docx', 'MM 프로젝트 요구사항 명세', 13, 78, '요구사항 명세서.docx'),
	(44, '20250212', '1716', '기능 명세서', 'https://gbh-file-server.s3.ap-northeast-2.amazonaws.com/others/%EA%B8%B0%EB%8A%A5+%EB%AA%85%EC%84%B8%EC%84%9C.docx', 'MM 프로젝트 기능 명세', 13, 78, '기능 명세서.docx'),
	(45, '20250217', '1958', '와이어프레임', 'https://gbh-file-server.s3.ap-northeast-2.amazonaws.com/others/%EC%99%80%EC%9D%B4%EC%96%B4%ED%94%84%EB%A0%88%EC%9E%84.docx', '선 연결 수정 필요', 13, 78, '와이어프레임.docx'),
	(46, '20250331', '1210', '25년 업무 기여도', 'https://gbh-file-server.s3.ap-northeast-2.amazonaws.com/others/25%EB%85%84+%EC%97%85%EB%AC%B4+%EA%B8%B0%EC%97%AC%EB%8F%84.pdf', '4월 데이터 이후 추가해야함', 16, 78, '25년 업무 기여도.pdf'),
	(47, '20250331', '1716', '성과분석자료', 'https://gbh-file-server.s3.ap-northeast-2.amazonaws.com/others/%EC%84%B1%EA%B3%BC+%EB%B6%84%EC%84%9D%EC%9E%90%EB%A3%8C.pdf', '그래프 추가 필요할듯??', 16, 78, '성과 분석자료.pdf'),
	(48, '20250401', '1210', 'MarshMellow 시스템 아키텍처', 'https://gbh-file-server.s3.ap-northeast-2.amazonaws.com/others/%EC%8B%9C%EC%8A%A4%ED%85%9C+%EC%95%84%ED%82%A4%ED%85%8D%EC%B2%98.png', 'Marsh Mellow 시스템 아키텍처', 17, 78, '시스템 아키텍처.png'),
	(49, '20250110', '1716', '포폴 증명사진', 'https://gbh-file-server.s3.ap-northeast-2.amazonaws.com/others/%EC%A6%9D%EB%AA%85%EC%82%AC%EC%A7%84.png', '포폴용 증명사진', 17, 78, '증명사진.png'),
	(50, '20250211', '1711', 'SDS 계약서', 'https://gbh-file-server.s3.ap-northeast-2.amazonaws.com/others/MM-250117920.xlsx', '김과장님 요청자료', 17, 78, 'MM-250117920.xlsx'),
	(51, '20250101', '0916', '인수인계 자료', 'https://gbh-file-server.s3.ap-northeast-2.amazonaws.com/others/MM_%EC%9D%B8%EC%88%98%EC%9D%B8%EA%B3%84.pdf', '이거 없으면 클남!!!!', 17, 78, 'MM_인수인계.pdf'),
	(52, '20250410', '0916', '마이데이터 시장 분석', 'https://gbh-file-server.s3.ap-northeast-2.amazonaws.com/others/24%EB%85%84%EB%8F%84+%EB%A7%88%EC%9D%B4%EB%8D%B0%EC%9D%B4%ED%84%B0+%EB%B6%84%EC%84%9D.docx', '목요일 팀 미팅 자료', 17, 78, '24년도 마이데이터 분석.docx'),
	(54, '20250410', '1618', '경력증명', 'https://gbh-file-server.s3.ap-northeast-2.amazonaws.com/others/1744269523846_%EC%9E%AC%EC%A7%81%EC%A6%9D%EB%AA%85%EC%84%9C.pdf', '', 15, 3, '재직증명서.pdf'),
	(57, '20250410', '1628', '퇴사준비', 'https://gbh-file-server.s3.ap-northeast-2.amazonaws.com/others/1744270105463_%EC%9E%AC%EC%A7%81%EC%A6%9D%EB%AA%85%EC%84%9C.pdf', '', 8, 3, '재직증명서.pdf');

-- 테이블 데이터 gbh_mm.tbl_portfolio_category:~4 rows (대략적) 내보내기
INSERT INTO `tbl_portfolio_category` (`portfolio_category_pk`, `portfolio_category_memo`, `portfolio_category_name`, `user_pk`) VALUES
	(8, '', '미분류', 3),
	(13, '25.02.01~', '2025 프로젝트', 78),
	(14, '', '퇴사준비서류', 3),
	(15, '', '경력증명', 3),
	(16, '입사~현재', '성과자료', 78),
	(17, '', '미분류', 78);

-- 테이블 데이터 gbh_mm.tbl_withdrawal_account:~2 rows (대략적) 내보내기
INSERT INTO `tbl_withdrawal_account` (`withdrawal_account_id`, `account_no`, `user_id`) VALUES
	(2, '0010544013796510', 3),
	(14, '0025933160425639', 3),
	(19, '0040906657548186', 78),
	(20, '0202081691958776', 78),
	(21, '0909300831378790', 78);

-- 테이블 데이터 gbh_mm.tb_user:~40 rows (대략적) 내보내기
INSERT INTO `tb_user` (`user_pk`, `birth`, `budget_alarm_time`, `budget_feature`, `character_image_url`, `created_at`, `gender`, `phone_number`, `pin`, `user_email`, `user_key`, `user_name`, `fcm_token`, `salary_date`, `connection_information`, `salary_amount`, `salary_account`, `aes_key`) VALUES
	(3, '991225', NULL, NULL, NULL, '2025-03-25', 'M', '01056297169', '$2a$10$bsFRgZAt1ej5.yRbe.OdG.QD08TWB6quuZzgQ2rayvj.lMYaFMmgO', 'yunjaeeun12@gmail.com', '2c2fd595-4118-4b6c-9fd7-fc811910bb75', '윤재은', 'fiQmE5kLRiiENds7Xpkqgr:APA91bFabm3g6rywKBUQ3KPpH13ZrZxZqAGacLQAlHT5s2XNoSqyMTSSxyanJqrfFlmaCaDPf1VMOFSDUUxHxYFoeF5_rwl0Kn0uFC3jzp4N4CHs9IyO8ws', 2, 'lYXUBJ9Iq0KtWCgg/Khtf2RNIBK1RGta7xXOE+RRjXal2qPPDuLocbx0YQkD3WPo3AM6IDlROBj+64+t82ey7w==', 3000000, '000000000000', 'n/8VrQEB+D1hG992GGsdJA=='),
	(9, '960928', NULL, NULL, NULL, '2025-03-28', 'M', '01023864855', '$2a$10$Kd6N4ojKFSWcpg116cG1Z.3FUpk347aEvLkKKphyUuy89acjxMzZS', 'naemgi@naver.com', '8b0c9e06-cc4f-4eb8-9be1-e13dc2580d12', '임남기', NULL, 30, NULL, NULL, NULL, NULL),
	(37, '000107', NULL, NULL, NULL, '2025-04-02', 'M', '01088363841', '$2a$10$ndmmps/WvKuSdBBORN49euynuqQmfXtdN0AYtd4za4GWGbGk1ci3m', NULL, NULL, '신희원', NULL, NULL, '+48QnzApjiXvN0KCPu+uCd8o1shBwr+50q81Vreo9Nf5pVQDge4RX1kzxKjE3p6sC2a9kugJD7eEovJCqI5gfA==', NULL, NULL, NULL),
	(38, '970219', NULL, NULL, NULL, '2025-04-02', 'M', '01012341111', '$2a$10$l4/TB0CByipJIkBpSJOZ8OCF.JT/QZLiWDhG61sEPD6.0lQN1hcyu', NULL, '70b12eb0-0e7c-4a5e-96e1-034b3cdd96e3', '김한주', NULL, NULL, 'HLHptXNKD38GyfOE2EyszHiJovaLdv3vm1H7MwrGqRoh1eD6LWSvx+vJq7y04a9gT5vjAa+gEN3jCTJQY89+ag==', NULL, NULL, NULL),
	(49, '000107', NULL, NULL, NULL, '2025-04-02', 'M', '01012343841', '$2a$10$VXDuLYElyvj6K.MNOyt0J.X63yUI.xCCFTjVPW4D.i1oAVe5DQCvG', NULL, NULL, '신희원원', NULL, NULL, 'stvjb1KZ0KiE+eFp4eFVh+eCmTqQ//9q8vYWF5/RcBmVgVfrvk/o+Xoz27XlRB1gIoikOrT9jvS8eF2QKLFhsA==', NULL, NULL, NULL),
	(50, '990620', NULL, NULL, NULL, '2025-04-02', 'F', '01011112222', '$2a$10$sTnuOmZeu4tQyeDUNLXK7.nzLrMMNpQ/9xmd59A55mZd6/joh78py', NULL, '9fb28798-b53d-4a8c-9105-fd16681df429', '정수연', NULL, NULL, 'mGd5Px9zkPK0hNINZmDecBgStz/cmq9rdaq0xOKeD0qzAKE6fKkyA1/2v0uMMz8PcEhspfRBgxNOZNLmisfH+Q==', NULL, NULL, NULL),
	(55, '970219', NULL, NULL, NULL, '2025-04-03', 'M', '01012341211', '$2a$10$CLSLF1335zCROmo6bQ9RkueHcfc9ClnsLdRQXlS0BjBOhhUqFUXh.', NULL, '290c3cb4-db8b-47d2-96dd-18c194105e2f', '김한주', NULL, NULL, 'jJIQMv6mo66Wh0glM7EfCYG/eDfVgcAvTrWbCrzgikDGNKRbatFqjpsFSDFuxHj9AJQM121DlZd5e8M9gXJcLw==', NULL, NULL, NULL),
	(56, '142384', NULL, NULL, NULL, '2025-04-03', 'M', '01088885555', '$2a$10$NDoyBI6iaVbC9D4HTzVK/eZofkeQj1IsVYRPac8BtkZCiEnDDisB.', NULL, NULL, 'kimhanju', NULL, NULL, 'Tk8puD60JfgbPYugMFryFMijD5miI3cX/fwiOZz3lje97tQCHGAyR9ZXdhyT/LzbhT6dHVaoFz0hW72J3WArZQ==', NULL, NULL, NULL),
	(57, '847259', NULL, NULL, NULL, '2025-04-03', 'M', '01077557755', '$2a$10$Zg7Y4Ks6BwXXIi/SGAMhOOctqs0I4xzQPjfKjTWlkBmjr04eppB4a', NULL, NULL, 'rlagks', NULL, NULL, 'yu+56zkPjPdYXETpSQvT6C6MoyOtjpiwp3LWVl+KMkfWDlk1lShZaENKpY7hT1X9GZXG9gXwraltsEMo2gx5Xw==', NULL, NULL, NULL),
	(58, '000000', NULL, NULL, NULL, '2025-04-04', 'M', '01000000000', '$2a$10$2DKTPn6xDcwMKMfxtr7NSuvF7OT/0gk1ZtYiy.g2gyTPiAO7NqTMe', NULL, '29ff91eb-1e93-4136-9574-a8f19e7b3487', 'shin', NULL, NULL, 'tooRM+/9vItLk4U2sfTd4gqg9hisUljjuPxHIJ6ouEKoO0NqJklEgFn1s0IOL18DYZrQROu0A9+pVoFuJJdHww==', NULL, NULL, NULL),
	(61, '642321', NULL, NULL, NULL, '2025-04-07', 'M', '01087425632', '$2a$10$xWMpBx1qTMIGz6sFBQyKiui/hZDxEQgbPil.OVZlCrGyreaV/WC2O', NULL, '76a2ff6c-f0a7-4450-8c1f-d8693f906ee9', 'rlgkswnw', NULL, NULL, 'crVjzFDQazG6xrDT8NNk7wDlbbj2h7UF/x0Z4+zIgiglSczvEegNov3hnxEuyqSvD7zGlEbYbd0fAaGeGcoUjA==', NULL, NULL, NULL),
	(62, '951103', NULL, NULL, NULL, '2025-04-07', 'M', '01021141446', '$2a$10$GXQ4t/MrPFaJIKRPyLKBJOCmOPOBv50IEVHuoEeiKDJGgfEvUF1.q', NULL, 'f9bc8d1f-a928-4bfd-ae25-c5307ded09af', '유한슬', NULL, NULL, 'Wzoc4ARm0nDkj3rV1MyXLSD/u1LPqtmWmMyCu7vnEQO3fz06LI2K3mhmBd3D2veYjlwNRstjWjk9kCxQTUQzbQ==', NULL, NULL, NULL),
	(64, '344060', NULL, NULL, NULL, '2025-04-07', 'M', '01048579648', '$2a$10$foAZt9fOQW5Mi075KPu6XOoqi9tivEW6doG.Eqq7u2yE1zDd5VuvO', NULL, 'cb2f458f-a141-4dc8-b028-d726e58d23fc', '나니고래', NULL, NULL, 'Uinn0LLZv+sMytE4HhD3oAvVUAjfCvYQoGXaKUb80G24iTSGeYHIESLj9MUlI9Bzki+Mnmf6sHP404EdcAV4fw==', NULL, NULL, NULL),
	(65, '990404', NULL, NULL, NULL, '2025-04-07', 'M', '01066669999', '$2a$10$zMuU9uSEYPXUm.WhjWmxtOPlQEmXZbdM/2ckc4vn/I2asDaHPMrmy', NULL, '5604f7c8-4652-4c95-9853-1bbcedb575bf', '만두', NULL, NULL, '5n11c9t4zS1RrwqUkbRsFC8gMtGygYmWrZqY0g+s6VNI3ahydO/+pGtP1GMA+BNpNOOabrYFlw+F/i1UQKOBQA==', NULL, NULL, NULL),
	(66, '533607', NULL, NULL, NULL, '2025-04-07', 'M', '01021141789', '$2a$10$86ZNM5L8IWEmwODmtTINQ.04yb56BmZ5MuVNcgAMF7VUR9Mj34uc2', NULL, '4b1adad9-31ab-45cd-a155-9446647bcc3c', '아이스', NULL, NULL, '1885zcTeayzdF5Yqnof7OLkF8KFhdzZI20ajolvkigoypKQI2QdUQ6vd1imNeo7joO3JGLZZqlylS08GP+SwSg==', NULL, NULL, 'AYHtKiZZm4lXOnX6qmnYHg=='),
	(67, '940117', NULL, NULL, NULL, '2025-04-07', 'M', '01044556655', '$2a$10$U/RoDsMjyXQIRvkjsRX0duO6bUQzjNpYGtbINHuLy9hqXUIA7.kDm', NULL, '4b0da151-b092-4b08-b664-899e90f32af0', '임나일', NULL, NULL, 'tUSgJpFx4WG0lDtbUtAHkK7bx0WhveT9ff9+zTjKkwi0euu9wiwpV+s3R9He6xg06IU76fZO1l2lWGJfGLq8CA==', NULL, NULL, 'E6k+4x+rvyP9Zu6u3RgiMw=='),
	(68, '960118', NULL, NULL, NULL, '2025-04-07', 'M', '01033665566', '$2a$10$iX7pBc7Zs8u5l1r7OyiNpu5k9uWyEHZVVD2voVlkpyIUwBvN8MVpa', NULL, 'e0e2ef27-950a-4209-a4c1-30e612a9a89c', '감자탕', NULL, NULL, 'NTzBKqoY//JX4vq0j9JKIkQqhIfSXUsVMtfG5WR+P+eNOaqOJg8FRf8oN9kjppviCHXLoAUW3y/YQ/h2+HBOBQ==', NULL, NULL, 'eaREjxiz2L3a7sCySZaPsw=='),
	(69, '173823', NULL, NULL, NULL, '2025-04-07', 'M', '01025809635', '$2a$10$I72TeU11sUvV2oi63iI4Du7tZduAhD.cATkP.uD7kp/I0zxdKZDsW', NULL, NULL, '가나다', NULL, NULL, 'iXV889nKV0TkdtLmgUA8ksdNm2EWQqd0aHqfpdB1FQQsLUOCDCnSRhJuCRGNWqKWsvXaVkJQ1PakHZxjUbEGzg==', NULL, NULL, NULL),
	(71, '850101', NULL, NULL, NULL, '2025-04-07', 'M', '01099999999', '$2a$10$tk4XxHQXSL2v67YKf0DWIenTuBQEJGRs6c/czYDcM3BseGrxgMNwm', NULL, 'c5ecd491-1c76-4f2d-821f-cb6b2840eb7e', 'shinheewon', 'fNgCxxCmRpCB_btRnsyDJQ:APA91bFVjGy75MyNIC_xg7MqKA56WLypTWjxuZlEepoh9FVJzRTCkkedn4gHkuGVmF1mlB6NrxopRcM__9ByurLabLivWeZBpURsaHAsreFrNYyAilF1Mvk', 11, 'S9ldJyK6ilfa3P20mFXUlBDz1lXnsvPfpwV+1mLWiB20MdAqkxqVjUjDRgkW40yWiXZE/ladiKYdldwFUsA2TA==', 2000000, '000000000000', 'RF2vze7T53eTw5aXQQhOug=='),
	(74, '151995', NULL, NULL, NULL, '2025-04-08', 'M', '01046789468', '$2a$10$Gyf.J/RfU.ALapbtWkw5tOucFYOMT0GcnfW6jM9xarG6X7iKt9E4m', NULL, NULL, 'fcmt', NULL, NULL, 'Rfw6qAw63Sd4K0zTC6rFMVQfYN72wVYkfKKzynNOMq4ciygA4ji2t+isz6soGRu8iCIegQD1EMHo9z/k8UoJQw==', NULL, NULL, NULL),
	(76, '738766', NULL, NULL, NULL, '2025-04-08', 'M', '01054682725', '$2a$10$Ixy0FMGmdyfTwrNpMS9dyeFPU0KxRVHeZ7QJIR0Mb8JMMBjnQa6oS', NULL, '9b82a28f-807b-46fd-af9e-a33a114bad84', 'dlfma', 'dmdOQV8oSVKtp9W88uFyru:APA91bGvjZvY572wo5l6AN91lQM72CmHdnTgjCCtLkr3zFb02kVmLxTegOTGWwZN2fk29utv4_F458CRiE4WPu-4CDdsUWWIhFVDz2ZCvtctEPxJLjoih8A', NULL, 'G8qg5OquHtJsO92IiKoJUDelBldDINhOhnJBcq2gh2goNO2eSfa9XmZSJXWC9FctGQtsggtPtJnsgTzA9kheOg==', NULL, NULL, 'DQ9VlO8Q5BM1h7Zz7HrcQw=='),
	(77, '663594', NULL, NULL, NULL, '2025-04-08', 'M', '01085765248', '$2a$10$sGsBLblEONd5Fl9EihCbkOHyiCmFRnVYzg6yiJgA8SMornyX33Spe', NULL, '2a329b1d-a03c-4b0c-86f0-e68e679e7933', '엡프시', 'cqqSgMXFQRuGXaA-gzh-qm:APA91bH5YpL2M2wI3h3Xv0GiP2Tu3m1tz_u0SJ5FtdM7vmXvcDlbK6QOfgUdCFdjiktwQSLvAGK-srs_WQBB1I4eWrlT5FnkxmghqWFE2QkaR9tJsEHK5-k', NULL, 'QtTmXmuFaWyZ3vPPjiCDFQ2reqYBtqGILXuOTmcaxePAJocVGQDOOp1mB/LHaYj0cKMZhoV0Y53j4LrFhJqWLQ==', NULL, NULL, 'vGYzLHZwWtUr3FdN2rC0dw=='),
	(78, '991225', NULL, NULL, NULL, '2025-04-08', 'M', '01001080108', '$2a$10$ERW3mL2yjZpvJM9Tir7K8.elAMWJQ0YmUs2nWW9YHUC1nW8fOhNuO', 'wodms@naver.com', '4dcef2fa-8272-4ce3-afe3-53d089bdbd28', '윤재은', 'cCTAOckaQBiFqi6cQX9GnZ:APA91bGUJfRn1z0WU0tOsDkVPoUDRz0JH_cx0vq3VYq1Jv5zWee5psyy4xScgC1Ud7xM0B4vot8Go6DCmWfPGplf0Fkm0c6Kz1lvncEdQLAOvsU86LNRpn0', 18, '6dmlfiQCW7n6WQGEM34mmj68K0dci3KFI5SwdC5uXHw+AGhTe25OVIAEEG7kGxCLz3RPvneUacTWT2h2zHU5ew==', 2600000, '0040906657548186', '/g09TCnWDbqvnGY8yOj9Hg=='),
	(80, '991228', NULL, NULL, NULL, '2025-04-08', 'F', '01014785236', '$2a$10$1tbzQBpLwTMUBVRXQ5V0dO1raA3YruEOIHaxvzVEo6/qecc8hArgO', 'wlzms@naver.com', 'dd64c18c-36c9-497f-a679-d10f8e18334e', '한주', 'fbyk8yGvT1Sg0vGNdtOA_S:APA91bGVkZ4bKUHUW6ygt9emLSZc8SeNafrh65_c4eyH1V8iB3iMX83PMLqyJt1_5epxbps8AAoyT3mkrbcM_U7IDF5pPOh0LgmDbiW1pdh8qDLtAVAcnsU', 11, 'fizNS+bWe5HEJLabr+pJPVV27RBqZQzvk15AIelvkaGtiR3b6ezJdiPgQknCWEp15dvIpk1+DBheDRF9Fi5FDA==', 2600000, '000000000000', 'EjYviUyJB5/7RqrkQluzIg=='),
	(81, '970219', NULL, NULL, NULL, '2025-04-08', 'M', '01057575757', '$2a$10$lvw0jVQy2Qozidgn.SJ8ZOZfcGKtnqzSueuoGJGnCk9GGeLcBlWfi', NULL, 'ec2f9e14-a6d2-45c0-a7ad-1bbef5bfa98a', '김한주', NULL, NULL, '6lm/puqO9qwD/P9yaK6JUWJArmwDxJFmqXFUNbnK4fjk67dbPiZQeMsLdcbQrKMbWbknRk9I+KueeLGHeG4UQw==', NULL, NULL, NULL),
	(82, '721159', NULL, NULL, NULL, '2025-04-08', 'M', '01077766222', '$2a$10$Kl6aNak7xsdxHKRRj9qnGepJbhTbthS0CsqqnSrpENKpaBCmrviJa', NULL, NULL, 'vgdsad', 'dbf_ehFwQ7y2HWdvCUWMoz:APA91bH7wbzhNtmE9v6Eh_4-KhsCUmNYjlnv62wMQRESksGztfGAewLFQ3A-oFdkI3cmE_QP7ukmhLFmSlSQRTVOZHPiUtrKprxEFKlHvsKwL58eixcbigg', NULL, 'iZbOfURLFKPZAPy3iq2oUYNM9/dtIXq73tZAEJYurm2VPcbYbR1blRRo/0mQSwobYfMkwVyL1BqUcpHkitI1UA==', NULL, NULL, 'G4s9ki9rgI5YJWtJWhJEQg=='),
	(83, '613212', NULL, NULL, NULL, '2025-04-08', 'M', '01026857859', '$2a$10$FezYlIr1dC0FIWS3CZ.yfOTQ82.y3qQl2eQ2pc6lYTsC2Frg3Gnwe', NULL, 'bf816e04-9ccf-43f8-8120-c24535ddca1a', '우쿠렐', 'ciWSPIybRrOwzJRVXORYDt:APA91bEd6R-Xj8BDExAyswJdEjklwJrja4RqQnKn2bjrOVULdtWithMSq99TmtBuppg8y55K81na8CwZ3xEFSQyBB09e5QCDX3Ggqrotw-ogHrIS-0R8XCE', NULL, 'yt4337LaGuOt+uhzU0Nrceqye4CVGHtZ4nEfvv0B+GfUJVjJYov/D2C6Pi9kZ4sDkmnDUeMJyyysCETB5B2MeQ==', NULL, NULL, 'apCPZjInKZC4PKNvHn4pWg=='),
	(84, '986077', NULL, NULL, NULL, '2025-04-09', 'M', '01075412369', '$2a$10$kbdo4mYjB/ISayX30tTksOsf1bpshdBQcesrv1tMZy8jW6p39BLCy', NULL, NULL, 'ksb23134', 'f5jgIwjmSGSMke-lWtZoL9:APA91bHWwlMvZfpj3VfSEaa5yaBD8MKfKv0QYe4hRI9_O04CkKVfr6xbZyCaP2wyl6NDA8ZmKB5rHvKdAOHaZ3Ondit0iHVPK24zveafRQdq71JJsia_RTk', NULL, 'KJGUXRbQZayJIDFqtNXF2v4GSk+n+m/BTh9zACwYkDCZxG/lgCa/fiKfZwJDPwoVGsWlY4/VLK5Erd0TpGXqBg==', NULL, NULL, 'UuZAhttxsLJmxqUJlX5pig=='),
	(85, '708205', NULL, NULL, NULL, '2025-04-09', 'M', '01077723337', '$2a$10$CnqhrPu.w.rixw0MbxzPwOVKta9uehZgopibBDsfOAlY63eI50/zG', NULL, NULL, 'dimsibal', 'chEbUFwXSZWZsUtJMY15mJ:APA91bG65_Mxr_NocjzdFV9Rw_HMh3B6z86NFz0yfVSyUXJA8wuMEfOu69_JNiRrA6Y2GU99leE0M6cJFzlnGw_QXy_EjpM6f-vJpSisJpdihUyIjp4ATKU', NULL, '20jom0mwidm49W0Ykrd4uK44i2hkhGD3/93A5DqlvnB7L9ixRaibg1VbOb6cFncUfAsnd0Vk9JCf6mfWLUWE7g==', NULL, NULL, 'txHBd2F9V1W0lPBzP02UaA=='),
	(86, '520325', NULL, NULL, NULL, '2025-04-09', 'M', '01077446699', '$2a$10$QUyD8MreLQSsRD47RpToBuBe1am270AaWAwSQeXPvYArHBApudA9y', NULL, NULL, 'ffffrqw', 'eMszwDGZTjmDFklqMYoPeH:APA91bG0oEBPbcQnLdVhjJ8eQN78JQzAIdpjnkljxtH80MhPIyrG5ieVy5rVKQ_wRA_frjuuLg-iaRHrBWOWBTAIqmc9gt3SjAo9lN5eahIy46v_sNmfYxA', NULL, 'm2XDqpUcv6HQpfm3FlXD0B+QmUJqTBrV0zZFuTqdlBG81+7Nqv48zvpleYuY9RrMR23l20RbeNmsu6Xu4aG04w==', NULL, NULL, 'EWwgo+vSlVb8fMrlYulamQ=='),
	(87, '363825', NULL, NULL, NULL, '2025-04-09', 'M', '01088552255', '$2a$10$9LLwV1Htf3SmPsIa9oTNU.VWiuBzrWtsaoNvxDZRlXv0VvzSeXb.a', NULL, NULL, 'fhnfjihf', 'cCTAOckaQBiFqi6cQX9GnZ:APA91bGUJfRn1z0WU0tOsDkVPoUDRz0JH_cx0vq3VYq1Jv5zWee5psyy4xScgC1Ud7xM0B4vot8Go6DCmWfPGplf0Fkm0c6Kz1lvncEdQLAOvsU86LNRpn0', NULL, '4mzuHn7y2i1HNJLmG2gRi3T42k3wbodWzsfc6pwENxlK2AhevkwtOpPUuo4G6mUpBro1v5E7jRSXwAuMTNDx2Q==', NULL, NULL, 'oJAZ4h/GICDQw5oYvAzHeA=='),
	(88, '856558', NULL, NULL, NULL, '2025-04-09', 'M', '01044442222', '$2a$10$pLi/ulhQ3w5/srj4iW0AK.vdbyiv.pDhrusTj9gNM00jl9UlHVqv6', NULL, NULL, 'ehbb14', 'c5qW6evjRcats9k90fwoxb:APA91bERT0EyJ5qaunzXepoYrzF7INtqqlJnhNJuOfmluVMAe1rG1tVmMXDdSZrrPchu9_HuPwoN51j_3rViUzyvUDva8xUVzrTq1drYv2DBv8DVQi7Hj7g', NULL, 'e42GkBZpwJN2BvVNd7pdZ6XxlJJJcn6d9BIKBX7ohDToWpkzggWwyU7sGVk4fsnOusZIjluzqO+05JY6FOss3g==', NULL, NULL, NULL),
	(89, '402970', NULL, NULL, NULL, '2025-04-09', 'M', '01088668866', '$2a$10$Kcxj5ELgtbRK/gqSeY00cOj9eEQkKlnjhA/06goMgIHOfP.jeklzW', NULL, NULL, 'ccc123', 'dMMYDcd2SY65KicqztsM46:APA91bElgmXbAHsVnLeo8uHk_CIYFssOg2qDwtbvVhrpxRetcFzwbCRrylGj8dTg9M4FhWH6RrWv1BnRsrxWTjNzOpCuHAeQb9HLrfFjr8g7LdHlijkc7T0', NULL, 'lSi1KcoA+Q7Tp3SKNMjoXcgL6WTbo/top3ljVn+pAPH49HDmDef0+0QW61gHYR+b3ug657TFWzV6bJozhtE1gg==', NULL, NULL, 'IbV4PlCUJuSXy9MTJHGpAA=='),
	(90, '050056', NULL, NULL, NULL, '2025-04-09', 'M', '01077771111', '$2a$10$eBTsKw1aPBKZTSLEsKytgOk3sXRmENM7KrS9v75m..Ms5VnIy3nQi', NULL, NULL, 'guf12312', 'c0thMk1cTjqTDn-JeHGOwp:APA91bG-eEt9AkU93nz0L9N0fAmeTeGfVVLABwb3e-X0CkHc2_-b7o3rBQkSABlrvafrCYIK_4plQHOZmp-XI1QL-lGbfmUXNMxPL3mGwGCQbE4MDCiYkZY', NULL, '2ZuXLDaBfbol12X0R7Xmq05PsrmHWMamL5kxkEsFpwszpCqp6J3gjJox7lLP8HrcbNVnjND1OVbKDnAWu6ayRQ==', NULL, NULL, 'e0ag7NAwIocehYCxlddNxg=='),
	(91, '078670', NULL, NULL, NULL, '2025-04-09', 'M', '01077447744', '$2a$10$DXrBeC28Z6XHhl43TJBzNu4qbtZGdqano/svQ18aDAUh0/ojfPaM2', NULL, 'd0251996-9ca0-4c1a-ab3f-edc866065749', 'kkik21', 'cqQRmiDBQA-TJNGKoUsvk6:APA91bGswCVuDSpd1x5-nG24aZGS9iWuVjgGjCxugWS4drSVAU_QBd3jrXnnexx07UelKPwOqK0RriwXuWSOGG5LEPrRnCJz0h45HUM1fVldCQxaSRVEsao', NULL, 'MgAmLYyq8i0kh/rFNJPh7vVSZDl32ztrN5rZs6eN5AN98lWvyKT8ImxD5gGhdFyOxMasKRvRCS/0heOk3w9emA==', NULL, NULL, 'YXm7keOYScExLrJuOkYR1Q=='),
	(92, '930122', NULL, NULL, NULL, '2025-04-09', 'M', '01012345555', '$2a$10$N542kQF41x.a6RebABf1e./VkVAQD9nxBlr0KtDzsJ8mFseZY8TcG', NULL, NULL, '지은핑', 'fcQKLYiaSoOD34ruFVb7tV:APA91bGYUCoJnZSSWsvImjtoJVFXvM9xFDXPGuUL44wyyilx2jFyToHO4tvj-bLaXUrd0VFCxtY1Di70Kg53j4RRs3qJwQC0xs6LAImn0KHS-OIRZ1u6C1k', NULL, 'RGShw2NeUvjP9/hS5O0OpMkFt3PwaMWdOUkHsukBqIZ0PL1wl1XZNz7nPt/6sJGDrJuR+41aOLh3smMXf2YgBA==', NULL, NULL, 'i1XRqPk+kjWIqYdbPgjJdw=='),
	(93, '971228', NULL, NULL, NULL, '2025-04-09', 'F', '01018889494', '$2a$10$2VUxPiaEPxbVNW6XplfqcuU0txPDuGqm06MiF3crPuDRwsuS5dVha', NULL, NULL, '지은씨', 'dnDCY5UxRPWQzvmQNwLsYn:APA91bEzqEOdoP3f9GuBn-oom5ZVl3eh3wQya-k4ohfGEFkxZ3CD_VNMHvzxR1zCDBO4TzOPhPeSHrXlaGb3SLsF4MU0kRGNOhLgFhagMzcU4u_3iOubEnE', NULL, 'S2/tgX7gIpTru0BItswMXMX4UAK0rjxbObf0p6MxUAKzSQVlPibBkFV01wrFYjHuY8BT4WOUlG+aheGhqYQNKA==', NULL, NULL, 'TXKpLkCtEhB6ofs6bXeZog=='),
	(94, '941227', NULL, NULL, NULL, '2025-04-09', 'F', '01055555555', '$2a$10$yesJ76nHoyFR4fqDnV8jZOrH8exsDpbHvZtcqR5nI3.inlMmF3sfe', NULL, '5fa5f7b4-a5af-41b9-a536-aed2fa2a3650', '우와', 'fhIunQ2mQQSg7fLMzz-i28:APA91bGDySEwFLquu_inFT2_2M_vJ0-lEAbuPbE2t91fISG_ZBQiPLMEPFs_mfSacbGoHnD691Mb8bS0mJEdKW0RX8nN3ZIfzkvXN1xSmYGmVrvZQUkcvB0', NULL, 'u8qlCRTf8sThnYfspjrpw3iZMGQfgxlhxTYnkPGB7PrUQ47TZjoGVvZndG0Goq4GZlytnZTGV5wSUsIhRgYNWA==', NULL, NULL, 'SYd+angmoMny0ylo8W2RWg=='),
	(95, '990217', NULL, NULL, NULL, '2025-04-09', 'M', '01023332333', '$2a$10$GL1UdoaSux3mQ7P8pmIhi.Ao1YEx6xmGl2pBUthAhz/XxKUi2nMvu', NULL, NULL, '테스일', 'el6JVG6rTvSgPsf8FcJZfd:APA91bHy2xHfb7xdG5MGBVDgPEw6RAb9JIB-gPkJWtJu5Kit02YarDEoQN4YepY47aQWIO3VXK8G0M2cAY0zKPAl1Mb0Ycul-AJhGPGaqghNFynZOuOxT1g', NULL, 'NEe2ALbyEUwIbmxIa/R8DU/V3/UzPOcxgaM4vPWCURs1W4pHAdEmtOgVVAgc8cY8DAtq5WYeuIbxjc96BR1LpQ==', NULL, NULL, NULL),
	(96, '960307', NULL, NULL, NULL, '2025-04-09', 'F', '01036759486', '$2a$10$cAxq8SAvtUosn2j/g.eFH.i3novR5Y05czTqVGdLmR1BS6SlZtuwW', NULL, '0b65a63f-69c4-4238-b6c9-51367855bfc0', '유삼슬', 'cy64nxbuT56oD0LkmlX4lj:APA91bFFHo19i3aNrOPxP3uc3elycYNI_2YN9cv5rMuvY0vsGxBMUnoug_-GBKC54Z7kz9vlgQHpal9NCaFAMI5mF5FejP1WPoebWsCtv2cZZSUs-LLkjpY', NULL, 'jpE399b8ujn/VVNj4sKtmjPi+KqslxKB2rCFblTnmTxrZ4/GynOjuJ0/gsgv4MjWYv0SIMqyxkvqiRij4o6a3A==', NULL, NULL, 'AO7VtFZFmdfbthzeLj6raQ=='),
	(97, '029576', NULL, NULL, NULL, '2025-04-10', 'M', '01027649846', '$2a$10$PBYraD55vSVluiShpCHGvODrvJGQjlyMVMf9DYF2h8OKz5k4wBrXi', NULL, '317cb2c0-74d8-4c01-b71e-8c0f2b483e54', '유자차', 'd5pBVYMoRWC_29bMObZEY3:APA91bFNal2eaLRrCVoAqdGR7o21JkBY1lX_CzkbPPkxlnTOh4FCrB4nv8EtFmotjGcE1Pik2zXaSqVD_nGMzZyqANQdfxErybwjA3Y2LY-ai1PUxaqipI0', NULL, 'lTcT7tM7fo3jAlC0YPwEGmm2dyaPC79BXRciIIRCqmXz54s7ewuEZj/urKJljlr/HnXbLPDhN4lUdhZBFQHoXg==', NULL, NULL, 'MLQuGrSJkFDl07gXmhQROA=='),
	(98, '050350', NULL, NULL, NULL, '2025-04-10', 'M', '01028769484', '$2a$10$SM8Tlb.aG4llSrMUKtWKvehGYSwB.7iNj9DP.z.tOjDLlA1db.Oxm', NULL, 'c31c0ba1-3a8c-4a8b-b2fb-f446dcc4bd75', '김카페', 'd3q0AMk1TvaUFNPj_pXfSd:APA91bF26FMP-MvkgHYUTVuZMuzNWcwAf0J22TkDvAKkuPerf4TKf4FN-HdICpx_chvpjmOwYcv80B-kqpF6qee-ZmJTf5k7wm4hxIOEEp2kWYtfbyO39jY', NULL, 'qT10XFyafIPPOcwDZRQau/i1Xs0Bt2RzM0k7Y8vgXHsr1g78Ossd8Y5V2t2ptPjAMpCIkMoN+VlYrT/WZidJaA==', NULL, NULL, '4tgUc9EFsN+gm8ZjIAuIbA==');

-- 테이블 데이터 gbh_mm.wishlist:~13 rows (대략적) 내보내기
INSERT INTO `wishlist` (`wishlist_pk`, `achieve_price`, `is_completed`, `is_selected`, `product_image_url`, `product_name`, `product_nickname`, `product_price`, `product_url`, `user_pk`) VALUES
	(2, 0, 'N', 'N', NULL, '감자 3kg', '위시리', 130300, NULL, 37),
	(3, 0, 'N', 'N', NULL, '감자 3kg', '위시리', 130300, NULL, 49),
	(5, 0, 'N', 'N', NULL, '목도리도마뱀', '목도리', 130300, NULL, 49),
	(26, 0, 'N', 'Y', 'https://image.oliveyoung.co.kr/cfimages/cf-goods/uploads/images/thumbnails/550/10/0000/0016/B00000016632701ko.jpg?l=ko', '[업체배송]휴플러스 코드제로 눈 마사지기 CORDZERO-EL1', '눈 마사지기', 49900, NULL, 80),
	(27, 0, 'N', 'Y', 'https://cdn.011st.com/11dims/resize/600x600/quality/75/11src/dl/v2/5/5/8/3/5/5/XaKwb/6954558355_198462808.jpg', '[11번가] (LIVE혜택가 79만원대) 삼성 비스포크 무풍 큐브 Air Infinite Line 공기청정기 AX033DB990EGD', '삼성 비스포크 무풍 큐브', 842000, NULL, 80),
	(28, 0, 'N', 'N', 'https://image.msscdn.net/images/goods_img/20241223/4678850/4678850_17356099858072_500.jpeg', '삼성전자(SAMSUNG ELECTRONICS)  갤럭시북5 프로 NT940XHA-K51A - 후기 | 무신사', '삼성 갤럭시북', 1799000, NULL, 80),
	(34, NULL, NULL, NULL, NULL, '[업체배송]휴플러스 코드제로 눈 마사지기 CORDZERO-EL1', '\n눈 마사지기', 49900, NULL, NULL),
	(35, 49900, 'N', 'Y', 'https://image.oliveyoung.co.kr/cfimages/cf-goods/uploads/images/thumbnails/550/10/0000/0016/B00000016632701ko.jpg?l=ko', '[업체배송]휴플러스 코드제로 눈 마사지기 CORDZERO-EL1', '눈 마사지기', 49900, 'asd', 3),
	(36, 0, 'N', 'Y', 'https://gbh-file-server.s3.ap-northeast-2.amazonaws.com/images/1744309299077_scaled_3EDF5E8E-1353-4FA1-AF3D-D82E86B4C8CB.-rmwcs6ow67fzjbkbazaq7iuwzo.png', '눈마사지기', '우리엄마꺼', 405600, '', 78);

/*!40103 SET TIME_ZONE=IFNULL(@OLD_TIME_ZONE, 'system') */;
/*!40101 SET SQL_MODE=IFNULL(@OLD_SQL_MODE, '') */;
/*!40014 SET FOREIGN_KEY_CHECKS=IFNULL(@OLD_FOREIGN_KEY_CHECKS, 1) */;
/*!40101 SET CHARACTER_SET_CLIENT=@OLD_CHARACTER_SET_CLIENT */;
/*!40111 SET SQL_NOTES=IFNULL(@OLD_SQL_NOTES, 1) */;
