월급,고정지출,식비/외식,교통/자동차,편의점/마트,금융,여가비,커피/디저트,쇼핑,비상금,군집
1251000,0.03,0.2,0.16,0.25,0.07,0.04,0.03,0.01,0.07,2
1240000,0.03,0.19,0.14,0.24,0.07,0.05,0.03,0.01,0.07,2
1265000,0.03,0.19,0.16,0.27,0.07,0.05,0.03,0.01,0.07,2
1347000,0.03,0.16,0.15,0.24,0.07,0.05,0.03,0.01,0.07,2
1360000,0.03,0.18,0.16,0.25,0.07,0.05,0.03,0.01,0.07,2
1286000,0.03,0.19,0.14,0.26,0.07,0.06,0.03,0.01,0.07,2
1283000,0.03,0.16,0.15,0.23,0.07,0.05,0.03,0.01,0.07,2
1302000,0.03,0.18,0.15,0.25,0.07,0.05,0.03,0.01,0.07,2
1326000,0.03,0.19,0.14,0.25,0.07,0.05,0.03,0.01,0.07,2
1261000,0.03,0.19,0.16,0.25,0.07,0.05,0.03,0.01,0.07,2
1329000,0.03,0.18,0.14,0.26,0.07,0.05,0.03,0.01,0.07,2
1247000,0.03,0.2,0.14,0.24,0.07,0.05,0.03,0.01,0.07,2
1351000,0.03,0.16,0.16,0.25,0.07,0.06,0.03,0.01,0.07,2
1331000,0.03,0.17,0.16,0.26,0.07,0.05,0.03,0.01,0.07,2
1255000,0.03,0.16,0.15,0.27,0.07,0.05,0.03,0.01,0.07,2
1247000,0.03,0.16,0.16,0.27,0.07,0.05,0.03,0.01,0.07,2
1321000,0.03,0.18,0.16,0.25,0.07,0.05,0.03,0.01,0.07,2
1287000,0.03,0.2,0.14,0.23,0.07,0.05,0.03,0.01,0.07,2
1297000,0.03,0.19,0.14,0.23,0.07,0.06,0.03,0.01,0.07,2
1336000,0.03,0.16,0.16,0.27,0.07,0.05,0.03,0.01,0.07,2
1301000,0.03,0.19,0.16,0.23,0.07,0.05,0.03,0.01,0.07,2
1286000,0.03,0.16,0.16,0.27,0.07,0.06,0.03,0.01,0.07,2
1332000,0.03,0.16,0.14,0.23,0.07,0.06,0.03,0.01,0.07,2
1355000,0.03,0.2,0.16,0.25,0.07,0.05,0.03,0.01,0.07,2
1325000,0.03,0.18,0.15,0.24,0.07,0.05,0.03,0.01,0.07,2
1361000,0.03,0.2,0.14,0.25,0.07,0.05,0.03,0.01,0.07,2
1241000,0.03,0.19,0.16,0.26,0.07,0.04,0.03,0.01,0.07,2
1246000,0.03,0.19,0.15,0.23,0.07,0.04,0.03,0.01,0.07,2
1302000,0.03,0.18,0.15,0.25,0.07,0.05,0.03,0.01,0.07,2
1237000,0.03,0.17,0.15,0.23,0.07,0.05,0.03,0.01,0.07,2
1360000,0.03,0.2,0.14,0.25,0.07,0.05,0.03,0.01,0.07,2
1332000,0.03,0.16,0.16,0.26,0.07,0.05,0.03,0.01,0.07,2
1249000,0.03,0.2,0.16,0.26,0.07,0.05,0.03,0.01,0.07,2
1298000,0.03,0.15,0.16,0.23,0.07,0.04,0.03,0.01,0.07,2
1242000,0.03,0.2,0.15,0.27,0.07,0.04,0.03,0.01,0.07,2
1361000,0.03,0.19,0.15,0.25,0.07,0.05,0.03,0.01,0.07,2
1267000,0.03,0.16,0.16,0.26,0.07,0.05,0.03,0.01,0.07,2
1343000,0.03,0.18,0.14,0.27,0.07,0.05,0.03,0.01,0.07,2
1292000,0.03,0.18,0.16,0.27,0.07,0.05,0.03,0.01,0.07,2
1324000,0.03,0.15,0.15,0.25,0.07,0.05,0.03,0.01,0.07,2
1350000,0.03,0.17,0.14,0.25,0.07,0.06,0.03,0.01,0.07,2
1248000,0.03,0.2,0.14,0.23,0.07,0.05,0.03,0.01,0.07,2
1344000,0.03,0.18,0.14,0.25,0.07,0.04,0.03,0.01,0.07,2
1277000,0.03,0.2,0.14,0.23,0.07,0.04,0.03,0.01,0.07,2
1365000,0.03,0.2,0.15,0.27,0.07,0.05,0.03,0.01,0.07,2
1315000,0.03,0.2,0.16,0.25,0.07,0.04,0.03,0.01,0.07,2
1239000,0.03,0.16,0.16,0.25,0.07,0.05,0.03,0.01,0.07,2
1283000,0.03,0.18,0.16,0.26,0.07,0.05,0.03,0.01,0.07,2
1239000,0.03,0.17,0.16,0.26,0.07,0.05,0.03,0.01,0.07,2
1351000,0.03,0.17,0.16,0.24,0.07,0.05,0.03,0.01,0.07,2
1277000,0.03,0.16,0.15,0.23,0.07,0.05,0.03,0.01,0.07,2
1286000,0.03,0.21,0.15,0.27,0.07,0.05,0.03,0.01,0.07,2
1324000,0.03,0.2,0.14,0.26,0.07,0.05,0.03,0.01,0.07,2
1249000,0.03,0.2,0.15,0.25,0.07,0.05,0.03,0.01,0.07,2
1291000,0.03,0.16,0.15,0.23,0.07,0.05,0.03,0.01,0.07,2
1282000,0.03,0.16,0.16,0.25,0.07,0.06,0.03,0.01,0.07,2
1317000,0.03,0.17,0.15,0.23,0.07,0.05,0.03,0.01,0.07,2
1339000,0.03,0.16,0.16,0.26,0.07,0.05,0.03,0.01,0.07,2
1311000,0.03,0.19,0.16,0.25,0.07,0.06,0.03,0.01,0.07,2
1326000,0.03,0.19,0.15,0.26,0.07,0.04,0.03,0.01,0.07,2
1363000,0.03,0.19,0.14,0.25,0.07,0.05,0.03,0.01,0.07,2
1299000,0.03,0.17,0.14,0.23,0.07,0.05,0.03,0.01,0.07,2
1282000,0.03,0.16,0.15,0.27,0.07,0.05,0.03,0.01,0.07,2
1235000,0.03,0.17,0.16,0.26,0.07,0.05,0.03,0.01,0.07,2
1273000,0.03,0.17,0.16,0.27,0.07,0.04,0.03,0.01,0.07,2
1286000,0.03,0.18,0.15,0.24,0.07,0.05,0.03,0.01,0.07,2
1340000,0.03,0.16,0.15,0.25,0.07,0.04,0.03,0.01,0.07,2
1331000,0.03,0.16,0.15,0.25,0.07,0.04,0.03,0.01,0.07,2
1267000,0.03,0.18,0.16,0.24,0.07,0.05,0.03,0.01,0.07,2
1320000,0.03,0.18,0.16,0.25,0.07,0.05,0.03,0.01,0.07,2
1358000,0.03,0.19,0.14,0.27,0.07,0.05,0.03,0.01,0.07,2
1305000,0.03,0.16,0.15,0.23,0.07,0.05,0.03,0.01,0.07,2
1296000,0.03,0.17,0.14,0.27,0.07,0.06,0.03,0.01,0.07,2
1274000,0.03,0.18,0.16,0.27,0.07,0.05,0.03,0.01,0.07,2
1300000,0.03,0.19,0.16,0.25,0.07,0.05,0.03,0.01,0.07,2
1334000,0.03,0.17,0.14,0.26,0.07,0.06,0.03,0.01,0.07,2
1293000,0.03,0.17,0.14,0.24,0.07,0.05,0.03,0.01,0.07,2
1328000,0.03,0.19,0.14,0.27,0.07,0.04,0.03,0.01,0.07,2
1257000,0.03,0.16,0.14,0.24,0.07,0.04,0.03,0.01,0.07,2
1326000,0.03,0.2,0.16,0.25,0.07,0.05,0.03,0.01,0.07,2
1303000,0.03,0.19,0.15,0.27,0.07,0.05,0.03,0.01,0.07,2
1320000,0.03,0.19,0.14,0.23,0.07,0.06,0.03,0.01,0.07,2
1336000,0.03,0.2,0.16,0.27,0.07,0.05,0.03,0.01,0.07,2
1263000,0.03,0.19,0.14,0.24,0.07,0.06,0.03,0.01,0.07,2
1276000,0.03,0.2,0.14,0.26,0.07,0.06,0.03,0.01,0.07,2
1324000,0.03,0.2,0.16,0.24,0.07,0.06,0.03,0.01,0.07,2
1269000,0.03,0.19,0.14,0.23,0.07,0.05,0.03,0.01,0.07,2
1294000,0.03,0.21,0.16,0.25,0.07,0.05,0.03,0.01,0.07,2
1335000,0.03,0.17,0.16,0.23,0.07,0.05,0.03,0.01,0.07,2
1334000,0.03,0.18,0.15,0.23,0.07,0.05,0.03,0.01,0.07,2
1355000,0.03,0.16,0.14,0.27,0.07,0.05,0.03,0.01,0.07,2
1300000,0.03,0.18,0.16,0.25,0.07,0.05,0.03,0.01,0.07,2
1276000,0.03,0.19,0.15,0.23,0.07,0.05,0.03,0.01,0.07,2
1244000,0.03,0.18,0.14,0.27,0.07,0.05,0.03,0.01,0.07,2
1308000,0.03,0.19,0.14,0.24,0.07,0.04,0.03,0.01,0.07,2
1274000,0.03,0.2,0.14,0.24,0.07,0.05,0.03,0.01,0.07,2
1335000,0.03,0.21,0.14,0.26,0.07,0.05,0.03,0.01,0.07,2
1254000,0.03,0.18,0.15,0.25,0.07,0.04,0.03,0.01,0.07,2
1246000,0.03,0.17,0.16,0.24,0.07,0.05,0.03,0.01,0.07,2
1238000,0.03,0.16,0.14,0.26,0.07,0.05,0.03,0.01,0.07,2
1310000,0.03,0.19,0.15,0.27,0.07,0.06,0.03,0.01,0.07,2
1274000,0.03,0.2,0.14,0.26,0.07,0.05,0.03,0.01,0.07,2
1237000,0.03,0.18,0.15,0.25,0.07,0.06,0.03,0.01,0.07,2
1328000,0.03,0.18,0.16,0.25,0.07,0.05,0.03,0.01,0.07,2
1283000,0.03,0.19,0.14,0.26,0.07,0.05,0.03,0.01,0.07,2
1257000,0.03,0.18,0.15,0.27,0.07,0.06,0.03,0.01,0.07,2
1340000,0.03,0.21,0.15,0.26,0.07,0.05,0.03,0.01,0.07,2
1355000,0.03,0.2,0.16,0.27,0.07,0.06,0.03,0.01,0.07,2
1266000,0.03,0.15,0.16,0.23,0.07,0.04,0.03,0.01,0.07,2
1257000,0.03,0.2,0.14,0.26,0.07,0.04,0.03,0.01,0.07,2
1245000,0.03,0.16,0.15,0.27,0.07,0.05,0.03,0.01,0.07,2
1260000,0.03,0.19,0.14,0.23,0.07,0.05,0.03,0.01,0.07,2
1273000,0.03,0.17,0.15,0.24,0.07,0.05,0.03,0.01,0.07,2
1241000,0.03,0.19,0.14,0.25,0.07,0.05,0.03,0.01,0.07,2
1272000,0.03,0.19,0.15,0.24,0.07,0.05,0.03,0.01,0.07,2
1353000,0.03,0.18,0.16,0.24,0.07,0.05,0.03,0.01,0.07,2
1267000,0.03,0.2,0.15,0.24,0.07,0.04,0.03,0.01,0.07,2
1324000,0.03,0.18,0.16,0.24,0.07,0.04,0.03,0.01,0.07,2
1254000,0.03,0.15,0.16,0.23,0.07,0.06,0.03,0.01,0.07,2
1286000,0.03,0.16,0.14,0.27,0.07,0.05,0.03,0.01,0.07,2
1262000,0.03,0.21,0.16,0.26,0.07,0.05,0.03,0.01,0.07,2
1329000,0.03,0.16,0.16,0.26,0.07,0.06,0.03,0.01,0.07,2
1334000,0.03,0.18,0.16,0.23,0.07,0.05,0.03,0.01,0.07,2
1321000,0.03,0.21,0.15,0.25,0.07,0.05,0.03,0.01,0.07,2
1357000,0.03,0.16,0.14,0.25,0.07,0.05,0.03,0.01,0.07,2
1298000,0.03,0.16,0.16,0.27,0.07,0.05,0.03,0.01,0.07,2
1330000,0.03,0.19,0.16,0.23,0.07,0.05,0.03,0.01,0.07,2
1315000,0.03,0.21,0.14,0.26,0.07,0.06,0.03,0.01,0.07,2
1343000,0.03,0.17,0.16,0.24,0.07,0.05,0.03,0.01,0.07,2
1282000,0.03,0.19,0.15,0.27,0.07,0.04,0.03,0.01,0.07,2
1317000,0.03,0.15,0.16,0.23,0.07,0.04,0.03,0.01,0.07,2
1263000,0.03,0.19,0.15,0.23,0.07,0.06,0.03,0.01,0.07,2
1283000,0.03,0.17,0.15,0.25,0.07,0.05,0.03,0.01,0.07,2
1295000,0.03,0.2,0.15,0.26,0.07,0.05,0.03,0.01,0.07,2
1313000,0.03,0.16,0.15,0.23,0.07,0.05,0.03,0.01,0.07,2
1308000,0.03,0.18,0.14,0.27,0.07,0.04,0.03,0.01,0.07,2
1314000,0.03,0.17,0.15,0.23,0.07,0.05,0.03,0.01,0.07,2
1343000,0.03,0.18,0.15,0.26,0.07,0.05,0.03,0.01,0.07,2
1307000,0.03,0.19,0.16,0.27,0.07,0.06,0.03,0.01,0.07,2
1274000,0.03,0.16,0.15,0.24,0.07,0.05,0.03,0.01,0.07,2
1300000,0.03,0.17,0.16,0.26,0.07,0.05,0.03,0.01,0.07,2
1351000,0.03,0.19,0.16,0.23,0.07,0.05,0.03,0.01,0.07,2
1279000,0.03,0.2,0.16,0.27,0.07,0.06,0.03,0.01,0.07,2
1287000,0.03,0.18,0.15,0.25,0.07,0.05,0.03,0.01,0.07,2
1308000,0.03,0.18,0.15,0.27,0.07,0.05,0.03,0.01,0.07,2
1247000,0.03,0.19,0.15,0.24,0.07,0.04,0.03,0.01,0.07,2
1359000,0.03,0.16,0.15,0.24,0.07,0.04,0.03,0.01,0.07,2
1247000,0.03,0.16,0.15,0.23,0.07,0.05,0.03,0.01,0.07,2
1345000,0.03,0.2,0.16,0.24,0.07,0.05,0.03,0.01,0.07,2
1300000,0.03,0.2,0.16,0.25,0.07,0.05,0.03,0.01,0.07,2
1269000,0.03,0.18,0.15,0.23,0.07,0.05,0.03,0.01,0.07,2
1332000,0.03,0.17,0.16,0.27,0.07,0.05,0.03,0.01,0.07,2
1351000,0.03,0.19,0.15,0.24,0.07,0.05,0.03,0.01,0.07,2
1312000,0.03,0.16,0.16,0.27,0.07,0.05,0.03,0.01,0.07,2
1256000,0.03,0.17,0.16,0.26,0.07,0.05,0.03,0.01,0.07,2
1316000,0.03,0.15,0.16,0.25,0.07,0.05,0.03,0.01,0.07,2
1277000,0.03,0.17,0.14,0.27,0.07,0.05,0.03,0.01,0.07,2
1270000,0.03,0.16,0.14,0.23,0.07,0.04,0.03,0.01,0.07,2
1253000,0.03,0.19,0.15,0.26,0.07,0.05,0.03,0.01,0.07,2
1245000,0.03,0.2,0.15,0.25,0.07,0.05,0.03,0.01,0.07,2
1351000,0.03,0.2,0.15,0.26,0.07,0.05,0.03,0.01,0.07,2
1311000,0.03,0.2,0.16,0.27,0.07,0.05,0.03,0.01,0.07,2
1318000,0.03,0.17,0.14,0.26,0.07,0.05,0.03,0.01,0.07,2
1316000,0.03,0.15,0.15,0.26,0.07,0.05,0.03,0.01,0.07,2
1318000,0.03,0.16,0.14,0.26,0.07,0.05,0.03,0.01,0.07,2
1353000,0.03,0.18,0.15,0.27,0.07,0.06,0.03,0.01,0.07,2
1268000,0.03,0.2,0.16,0.27,0.07,0.05,0.03,0.01,0.07,2
1324000,0.03,0.17,0.14,0.24,0.07,0.05,0.03,0.01,0.07,2
1262000,0.03,0.18,0.14,0.26,0.07,0.05,0.03,0.01,0.07,2
1267000,0.03,0.17,0.15,0.27,0.07,0.05,0.03,0.01,0.07,2
1260000,0.03,0.16,0.16,0.23,0.07,0.05,0.03,0.01,0.07,2
1357000,0.03,0.18,0.14,0.23,0.07,0.05,0.03,0.01,0.07,2
1253000,0.03,0.17,0.14,0.24,0.07,0.05,0.03,0.01,0.07,2
1292000,0.03,0.17,0.16,0.24,0.07,0.05,0.03,0.01,0.07,2
1340000,0.03,0.17,0.15,0.26,0.07,0.06,0.03,0.01,0.07,2
1273000,0.03,0.17,0.16,0.26,0.07,0.05,0.03,0.01,0.07,2
1251000,0.03,0.18,0.15,0.25,0.07,0.06,0.03,0.01,0.07,2
1298000,0.03,0.17,0.16,0.27,0.07,0.06,0.03,0.01,0.07,2
1314000,0.03,0.2,0.15,0.27,0.07,0.05,0.03,0.01,0.07,2
1294000,0.03,0.18,0.15,0.27,0.07,0.06,0.03,0.01,0.07,2
1289000,0.03,0.19,0.15,0.25,0.07,0.05,0.03,0.01,0.07,2
1333000,0.03,0.2,0.16,0.27,0.07,0.06,0.03,0.01,0.07,2
1259000,0.03,0.2,0.14,0.27,0.07,0.06,0.03,0.01,0.07,2
1300000,0.03,0.17,0.15,0.27,0.07,0.05,0.03,0.01,0.07,2
1276000,0.03,0.19,0.15,0.24,0.07,0.05,0.03,0.01,0.07,2
1250000,0.03,0.17,0.14,0.24,0.07,0.05,0.03,0.01,0.07,2
1353000,0.03,0.17,0.16,0.23,0.07,0.06,0.03,0.01,0.07,2
1298000,0.03,0.16,0.14,0.26,0.07,0.05,0.03,0.01,0.07,2
1344000,0.03,0.19,0.14,0.26,0.07,0.05,0.03,0.01,0.07,2
1296000,0.03,0.18,0.14,0.26,0.07,0.05,0.03,0.01,0.07,2
1236000,0.03,0.19,0.15,0.25,0.07,0.05,0.03,0.01,0.07,2
1244000,0.03,0.16,0.14,0.27,0.07,0.05,0.03,0.01,0.07,2
1344000,0.03,0.16,0.16,0.24,0.07,0.05,0.03,0.01,0.07,2
1356000,0.03,0.16,0.15,0.24,0.07,0.04,0.03,0.01,0.07,2
1286000,0.03,0.17,0.14,0.24,0.07,0.05,0.03,0.01,0.07,2
1277000,0.03,0.19,0.16,0.23,0.07,0.05,0.03,0.01,0.07,2
1277000,0.03,0.2,0.14,0.23,0.07,0.05,0.03,0.01,0.07,2
1261000,0.03,0.2,0.15,0.26,0.07,0.05,0.03,0.01,0.07,2
1342000,0.03,0.16,0.16,0.27,0.07,0.05,0.03,0.01,0.07,2
1290000,0.03,0.16,0.15,0.27,0.07,0.05,0.03,0.01,0.07,2
2169000,0.06,0.13,0.5,0.06,0.01,0.04,0.05,0.14,0.09,6
2095000,0.06,0.14,0.48,0.05,0.01,0.04,0.04,0.12,0.09,6
2110000,0.06,0.15,0.44,0.06,0.01,0.04,0.04,0.13,0.09,6
2005000,0.06,0.13,0.5,0.07,0.01,0.04,0.04,0.13,0.09,6
2069000,0.06,0.12,0.48,0.06,0.01,0.05,0.04,0.11,0.09,6
2050000,0.06,0.14,0.49,0.06,0.01,0.04,0.04,0.12,0.09,6
2031000,0.06,0.12,0.42,0.06,0.01,0.04,0.04,0.13,0.09,6
2149000,0.06,0.13,0.47,0.06,0.01,0.04,0.04,0.12,0.09,6
2121000,0.06,0.13,0.42,0.06,0.01,0.04,0.04,0.14,0.09,6
2154000,0.06,0.15,0.43,0.06,0.01,0.04,0.04,0.12,0.09,6
2129000,0.06,0.15,0.49,0.06,0.01,0.04,0.04,0.13,0.09,6
2116000,0.06,0.13,0.45,0.07,0.01,0.04,0.04,0.13,0.09,6
2026000,0.06,0.14,0.42,0.05,0.01,0.04,0.04,0.12,0.09,6
2158000,0.06,0.12,0.48,0.06,0.01,0.04,0.04,0.11,0.09,6
2046000,0.06,0.13,0.47,0.07,0.01,0.04,0.04,0.1,0.09,6
2162000,0.06,0.13,0.5,0.06,0.01,0.04,0.03,0.11,0.09,6
2193000,0.06,0.14,0.43,0.06,0.01,0.04,0.05,0.11,0.09,6
2204000,0.06,0.15,0.45,0.06,0.01,0.04,0.04,0.13,0.09,6
2106000,0.06,0.13,0.48,0.06,0.01,0.04,0.03,0.11,0.09,6
2034000,0.06,0.13,0.42,0.06,0.01,0.04,0.04,0.14,0.09,6
2205000,0.06,0.14,0.47,0.06,0.01,0.04,0.04,0.13,0.09,6
2100000,0.06,0.15,0.43,0.06,0.01,0.05,0.04,0.11,0.09,6
2072000,0.06,0.16,0.46,0.06,0.01,0.03,0.04,0.14,0.09,6
2128000,0.06,0.12,0.47,0.05,0.01,0.04,0.04,0.11,0.09,6
2032000,0.06,0.16,0.49,0.06,0.01,0.04,0.04,0.11,0.09,6
2094000,0.06,0.12,0.45,0.06,0.01,0.04,0.04,0.11,0.09,6
2078000,0.06,0.13,0.5,0.06,0.01,0.04,0.04,0.12,0.09,6
2121000,0.06,0.15,0.43,0.06,0.01,0.04,0.03,0.12,0.09,6
2198000,0.06,0.16,0.5,0.06,0.01,0.04,0.04,0.13,0.09,6
2061000,0.06,0.14,0.46,0.06,0.01,0.04,0.04,0.12,0.09,6
2127000,0.06,0.16,0.46,0.06,0.01,0.04,0.05,0.12,0.09,6
2033000,0.06,0.15,0.42,0.06,0.01,0.04,0.04,0.11,0.09,6
2042000,0.06,0.12,0.44,0.06,0.01,0.04,0.05,0.12,0.09,6
2177000,0.06,0.13,0.46,0.07,0.01,0.05,0.04,0.14,0.09,6
2170000,0.06,0.13,0.45,0.06,0.01,0.04,0.04,0.14,0.09,6
2028000,0.06,0.13,0.48,0.06,0.01,0.04,0.04,0.11,0.09,6
2101000,0.06,0.14,0.48,0.05,0.01,0.04,0.04,0.11,0.09,6
2130000,0.06,0.16,0.47,0.06,0.01,0.04,0.04,0.13,0.09,6
2200000,0.06,0.14,0.49,0.06,0.01,0.04,0.03,0.11,0.09,6
2012000,0.06,0.15,0.42,0.06,0.01,0.04,0.03,0.12,0.09,6
2027000,0.06,0.13,0.43,0.06,0.01,0.04,0.04,0.11,0.09,6
2196000,0.06,0.14,0.45,0.07,0.01,0.04,0.04,0.12,0.09,6
2042000,0.06,0.14,0.48,0.06,0.01,0.05,0.04,0.11,0.09,6
2126000,0.06,0.16,0.46,0.06,0.01,0.04,0.05,0.11,0.09,6
2072000,0.06,0.14,0.42,0.06,0.01,0.04,0.03,0.13,0.09,6
2057000,0.06,0.16,0.44,0.06,0.01,0.04,0.05,0.13,0.09,6
2184000,0.06,0.12,0.42,0.06,0.01,0.04,0.04,0.13,0.09,6
2161000,0.06,0.16,0.46,0.05,0.01,0.04,0.04,0.12,0.09,6
2010000,0.06,0.14,0.45,0.06,0.01,0.04,0.04,0.13,0.09,6
2074000,0.06,0.14,0.43,0.06,0.01,0.04,0.04,0.13,0.09,6
2067000,0.06,0.14,0.5,0.06,0.01,0.04,0.04,0.14,0.09,6
2059000,0.06,0.15,0.47,0.06,0.01,0.04,0.03,0.12,0.09,6
1996000,0.06,0.16,0.45,0.06,0.01,0.03,0.04,0.11,0.09,6
2166000,0.06,0.13,0.45,0.07,0.01,0.04,0.04,0.12,0.09,6
2126000,0.06,0.15,0.49,0.07,0.01,0.04,0.04,0.12,0.09,6
2120000,0.06,0.15,0.42,0.06,0.01,0.04,0.04,0.1,0.09,6
2019000,0.06,0.12,0.45,0.06,0.01,0.04,0.03,0.11,0.09,6
2088000,0.06,0.12,0.45,0.06,0.01,0.04,0.04,0.13,0.09,6
2139000,0.06,0.15,0.46,0.06,0.01,0.04,0.04,0.14,0.09,6
2106000,0.06,0.14,0.43,0.06,0.01,0.04,0.04,0.11,0.09,6
2185000,0.06,0.15,0.49,0.06,0.01,0.04,0.04,0.13,0.09,6
2168000,0.06,0.12,0.42,0.05,0.01,0.04,0.04,0.11,0.09,6
2048000,0.06,0.15,0.43,0.06,0.01,0.04,0.05,0.12,0.09,6
2154000,0.06,0.14,0.46,0.06,0.01,0.04,0.05,0.12,0.09,6
2152000,0.06,0.15,0.49,0.06,0.01,0.04,0.04,0.11,0.09,6
2040000,0.06,0.16,0.48,0.06,0.01,0.04,0.04,0.13,0.09,6
2180000,0.06,0.14,0.49,0.06,0.01,0.04,0.04,0.12,0.09,6
2072000,0.06,0.13,0.45,0.06,0.01,0.04,0.04,0.1,0.09,6
2143000,0.06,0.13,0.42,0.06,0.01,0.04,0.04,0.11,0.09,6
2200000,0.06,0.14,0.42,0.06,0.01,0.04,0.05,0.11,0.09,6
2163000,0.06,0.15,0.46,0.06,0.01,0.04,0.03,0.13,0.09,6
2027000,0.06,0.14,0.47,0.05,0.01,0.04,0.04,0.11,0.09,6
2202000,0.06,0.14,0.5,0.06,0.01,0.03,0.04,0.11,0.09,6
2164000,0.06,0.16,0.48,0.06,0.01,0.04,0.05,0.11,0.09,6
2133000,0.06,0.15,0.49,0.07,0.01,0.04,0.04,0.13,0.09,6
2156000,0.06,0.15,0.46,0.06,0.01,0.05,0.04,0.13,0.09,6
2134000,0.06,0.12,0.5,0.06,0.01,0.04,0.04,0.14,0.09,6
2019000,0.06,0.13,0.45,0.06,0.01,0.04,0.04,0.14,0.09,6
2015000,0.06,0.16,0.48,0.06,0.01,0.04,0.04,0.13,0.09,6
2116000,0.06,0.15,0.42,0.06,0.01,0.04,0.04,0.13,0.09,6
2081000,0.06,0.12,0.46,0.06,0.01,0.04,0.04,0.11,0.09,6
2112000,0.06,0.14,0.49,0.06,0.01,0.04,0.04,0.13,0.09,6
2035000,0.06,0.16,0.46,0.06,0.01,0.03,0.04,0.12,0.09,6
2113000,0.06,0.12,0.49,0.06,0.01,0.04,0.04,0.13,0.09,6
2107000,0.06,0.14,0.43,0.06,0.01,0.04,0.04,0.11,0.09,6
2004000,0.06,0.15,0.48,0.05,0.01,0.04,0.04,0.12,0.09,6
2108000,0.06,0.13,0.5,0.06,0.01,0.04,0.05,0.1,0.09,6
2025000,0.06,0.13,0.47,0.06,0.01,0.04,0.04,0.12,0.09,6
2085000,0.06,0.12,0.46,0.06,0.01,0.04,0.04,0.11,0.09,6
2004000,0.06,0.12,0.46,0.06,0.01,0.04,0.04,0.11,0.09,6
2163000,0.06,0.14,0.48,0.06,0.01,0.04,0.04,0.11,0.09,6
2091000,0.06,0.15,0.43,0.06,0.01,0.04,0.04,0.12,0.09,6
2052000,0.06,0.16,0.5,0.06,0.01,0.04,0.04,0.14,0.09,6
2081000,0.06,0.16,0.5,0.06,0.01,0.04,0.03,0.12,0.09,6
2194000,0.06,0.16,0.5,0.06,0.01,0.04,0.04,0.13,0.09,6
2115000,0.06,0.13,0.5,0.06,0.01,0.05,0.04,0.12,0.09,6
2158000,0.06,0.13,0.47,0.06,0.01,0.04,0.04,0.13,0.09,6
2128000,0.06,0.15,0.5,0.06,0.01,0.04,0.04,0.13,0.09,6
2008000,0.06,0.15,0.43,0.07,0.01,0.05,0.04,0.13,0.09,6
2139000,0.06,0.16,0.49,0.06,0.01,0.04,0.04,0.12,0.09,6
2028000,0.06,0.14,0.42,0.06,0.01,0.04,0.04,0.11,0.09,6
2139000,0.06,0.12,0.49,0.06,0.01,0.04,0.04,0.14,0.09,6
2006000,0.06,0.13,0.48,0.06,0.01,0.03,0.04,0.1,0.09,6
2012000,0.06,0.14,0.44,0.06,0.01,0.04,0.04,0.11,0.09,6
2135000,0.06,0.15,0.49,0.06,0.01,0.04,0.04,0.12,0.09,6
2109000,0.06,0.14,0.43,0.06,0.01,0.04,0.04,0.11,0.09,6
2199000,0.06,0.14,0.48,0.05,0.01,0.04,0.05,0.13,0.09,6
2109000,0.06,0.15,0.49,0.07,0.01,0.04,0.04,0.12,0.09,6
2157000,0.06,0.15,0.49,0.06,0.01,0.05,0.05,0.13,0.09,6
2171000,0.06,0.13,0.43,0.06,0.01,0.04,0.04,0.12,0.09,6
2087000,0.06,0.13,0.42,0.06,0.01,0.04,0.04,0.12,0.09,6
2013000,0.06,0.13,0.42,0.06,0.01,0.04,0.04,0.11,0.09,6
2115000,0.06,0.16,0.48,0.06,0.01,0.04,0.04,0.12,0.09,6
2085000,0.06,0.16,0.42,0.06,0.01,0.04,0.04,0.14,0.09,6
2070000,0.06,0.13,0.48,0.06,0.01,0.04,0.03,0.11,0.09,6
2071000,0.06,0.15,0.48,0.06,0.01,0.04,0.05,0.11,0.09,6
2042000,0.06,0.16,0.42,0.06,0.01,0.04,0.04,0.12,0.09,6
1998000,0.06,0.14,0.46,0.05,0.01,0.04,0.04,0.13,0.09,6
2046000,0.06,0.15,0.43,0.05,0.01,0.04,0.04,0.12,0.09,6
2087000,0.06,0.13,0.43,0.06,0.01,0.04,0.03,0.12,0.09,6
2084000,0.06,0.14,0.45,0.06,0.01,0.04,0.04,0.12,0.09,6
2199000,0.06,0.14,0.42,0.06,0.01,0.04,0.04,0.11,0.09,6
2179000,0.06,0.14,0.47,0.06,0.01,0.05,0.05,0.11,0.09,6
2090000,0.06,0.15,0.42,0.06,0.01,0.03,0.04,0.11,0.09,6
2104000,0.06,0.13,0.48,0.06,0.01,0.04,0.04,0.11,0.09,6
2049000,0.06,0.15,0.48,0.06,0.01,0.05,0.04,0.11,0.09,6
2114000,0.06,0.13,0.45,0.06,0.01,0.04,0.04,0.13,0.09,6
2141000,0.06,0.15,0.43,0.05,0.01,0.03,0.04,0.11,0.09,6
2072000,0.06,0.14,0.48,0.06,0.01,0.04,0.04,0.12,0.09,6
2089000,0.06,0.13,0.5,0.06,0.01,0.04,0.04,0.11,0.09,6
2154000,0.06,0.13,0.41,0.06,0.01,0.04,0.04,0.1,0.09,6
2068000,0.06,0.14,0.47,0.06,0.01,0.04,0.04,0.14,0.09,6
2184000,0.06,0.13,0.43,0.07,0.01,0.04,0.04,0.12,0.09,6
2098000,0.06,0.15,0.49,0.06,0.01,0.04,0.03,0.12,0.09,6
2153000,0.06,0.14,0.44,0.06,0.01,0.04,0.04,0.14,0.09,6
2136000,0.06,0.13,0.47,0.06,0.01,0.04,0.04,0.13,0.09,6
2091000,0.06,0.13,0.46,0.06,0.01,0.04,0.04,0.14,0.09,6
2123000,0.06,0.14,0.49,0.06,0.01,0.04,0.04,0.13,0.09,6
2040000,0.06,0.12,0.45,0.07,0.01,0.04,0.04,0.11,0.09,6
2127000,0.06,0.12,0.49,0.07,0.01,0.04,0.04,0.14,0.09,6
2012000,0.06,0.15,0.49,0.06,0.01,0.04,0.04,0.12,0.09,6
2097000,0.06,0.13,0.43,0.06,0.01,0.04,0.04,0.12,0.09,6
2121000,0.06,0.13,0.43,0.06,0.01,0.05,0.03,0.12,0.09,6
2109000,0.06,0.16,0.49,0.06,0.01,0.04,0.04,0.12,0.09,6
2000000,0.06,0.14,0.43,0.06,0.01,0.04,0.04,0.11,0.09,6
2092000,0.06,0.13,0.49,0.06,0.01,0.05,0.04,0.12,0.09,6
2040000,0.06,0.16,0.47,0.06,0.01,0.04,0.04,0.13,0.09,6
2051000,0.06,0.13,0.5,0.06,0.01,0.04,0.04,0.1,0.09,6
2026000,0.06,0.13,0.48,0.06,0.01,0.03,0.04,0.12,0.09,6
2150000,0.06,0.13,0.42,0.06,0.01,0.04,0.04,0.11,0.09,6
2045000,0.06,0.12,0.47,0.06,0.01,0.04,0.04,0.12,0.09,6
2158000,0.06,0.13,0.43,0.06,0.01,0.04,0.04,0.11,0.09,6
2053000,0.06,0.13,0.49,0.06,0.01,0.04,0.03,0.14,0.09,6
2001000,0.06,0.15,0.5,0.06,0.01,0.04,0.04,0.12,0.09,6
2126000,0.06,0.14,0.47,0.06,0.01,0.04,0.04,0.13,0.09,6
2115000,0.06,0.12,0.46,0.06,0.01,0.04,0.03,0.14,0.09,6
2162000,0.06,0.15,0.5,0.06,0.01,0.04,0.04,0.1,0.09,6
2089000,0.06,0.15,0.46,0.06,0.01,0.05,0.04,0.13,0.09,6
2185000,0.06,0.13,0.49,0.06,0.01,0.04,0.04,0.11,0.09,6
2089000,0.06,0.16,0.42,0.06,0.01,0.04,0.04,0.11,0.09,6
2032000,0.06,0.13,0.45,0.06,0.01,0.04,0.04,0.11,0.09,6
2127000,0.06,0.14,0.51,0.06,0.01,0.04,0.04,0.11,0.09,6
2121000,0.06,0.15,0.49,0.06,0.01,0.03,0.04,0.14,0.09,6
2174000,0.06,0.14,0.48,0.06,0.01,0.04,0.04,0.11,0.09,6
2058000,0.06,0.13,0.45,0.06,0.01,0.04,0.04,0.11,0.09,6
2006000,0.06,0.12,0.46,0.07,0.01,0.04,0.04,0.12,0.09,6
2017000,0.06,0.12,0.48,0.06,0.01,0.04,0.04,0.11,0.09,6
2204000,0.06,0.13,0.47,0.06,0.01,0.04,0.04,0.13,0.09,6
2173000,0.06,0.14,0.42,0.06,0.01,0.04,0.04,0.13,0.09,6
2131000,0.06,0.13,0.49,0.06,0.01,0.04,0.04,0.11,0.09,6
2048000,0.06,0.15,0.42,0.06,0.01,0.04,0.05,0.13,0.09,6
2099000,0.06,0.14,0.44,0.06,0.01,0.04,0.04,0.13,0.09,6
2071000,0.06,0.15,0.47,0.06,0.01,0.04,0.04,0.11,0.09,6
2077000,0.06,0.16,0.48,0.06,0.01,0.04,0.04,0.13,0.09,6
2151000,0.06,0.12,0.48,0.06,0.01,0.04,0.04,0.11,0.09,6
2071000,0.06,0.14,0.42,0.06,0.01,0.04,0.04,0.1,0.09,6
2086000,0.06,0.13,0.45,0.06,0.01,0.04,0.05,0.1,0.09,6
2082000,0.06,0.14,0.48,0.06,0.01,0.04,0.04,0.12,0.09,6
2024000,0.06,0.15,0.43,0.06,0.01,0.04,0.04,0.1,0.09,6
2181000,0.06,0.13,0.45,0.06,0.01,0.04,0.04,0.12,0.09,6
2082000,0.06,0.15,0.42,0.06,0.01,0.04,0.04,0.14,0.09,6
2179000,0.06,0.15,0.49,0.06,0.01,0.04,0.04,0.11,0.09,6
2094000,0.06,0.15,0.49,0.06,0.01,0.04,0.04,0.13,0.09,6
2050000,0.06,0.14,0.45,0.06,0.01,0.04,0.04,0.11,0.09,6
1997000,0.06,0.13,0.44,0.06,0.01,0.04,0.04,0.12,0.09,6
2192000,0.06,0.13,0.46,0.06,0.01,0.03,0.04,0.1,0.09,6
2169000,0.06,0.15,0.42,0.06,0.01,0.04,0.04,0.13,0.09,6
2037000,0.06,0.14,0.42,0.06,0.01,0.03,0.04,0.1,0.09,6
2038000,0.06,0.16,0.45,0.06,0.01,0.04,0.03,0.12,0.09,6
2157000,0.06,0.14,0.46,0.06,0.01,0.04,0.04,0.12,0.09,6
2064000,0.06,0.13,0.5,0.06,0.01,0.04,0.04,0.12,0.09,6
2177000,0.06,0.13,0.42,0.06,0.01,0.04,0.04,0.12,0.09,6
2047000,0.06,0.15,0.42,0.06,0.01,0.04,0.04,0.11,0.09,6
2087000,0.06,0.13,0.49,0.07,0.01,0.04,0.04,0.12,0.09,6
2179000,0.06,0.14,0.42,0.06,0.01,0.04,0.04,0.13,0.09,6
2048000,0.06,0.15,0.43,0.06,0.01,0.04,0.04,0.11,0.09,6
2155000,0.06,0.12,0.42,0.06,0.01,0.04,0.04,0.12,0.09,6
2011000,0.06,0.12,0.49,0.06,0.01,0.04,0.04,0.1,0.09,6
2085000,0.06,0.14,0.42,0.06,0.01,0.04,0.04,0.12,0.09,6
2143000,0.06,0.14,0.5,0.06,0.01,0.05,0.04,0.12,0.09,6
1305000,0.01,0.62,0.05,0.07,0.0,0.06,0.04,0.02,0.01,4
1242000,0.01,0.62,0.05,0.06,0.0,0.06,0.04,0.02,0.01,4
1259000,0.01,0.53,0.05,0.06,0.0,0.07,0.04,0.02,0.01,4
1353000,0.01,0.5,0.05,0.05,0.0,0.05,0.04,0.02,0.01,4
1353000,0.01,0.52,0.05,0.07,0.0,0.05,0.04,0.02,0.01,4
1325000,0.01,0.62,0.05,0.06,0.0,0.05,0.04,0.02,0.01,4
1296000,0.01,0.62,0.05,0.06,0.0,0.05,0.04,0.02,0.01,4
1306000,0.01,0.61,0.05,0.06,0.0,0.05,0.04,0.02,0.01,4
1328000,0.01,0.47,0.05,0.06,0.0,0.06,0.04,0.02,0.01,4
1255000,0.01,0.48,0.05,0.06,0.0,0.07,0.04,0.02,0.01,4
1309000,0.01,0.5,0.05,0.06,0.0,0.07,0.04,0.02,0.01,4
1245000,0.01,0.6,0.05,0.06,0.0,0.06,0.04,0.02,0.01,4
1238000,0.01,0.54,0.05,0.06,0.0,0.06,0.04,0.02,0.01,4
1339000,0.01,0.61,0.05,0.06,0.0,0.05,0.04,0.02,0.01,4
1251000,0.01,0.56,0.05,0.06,0.0,0.05,0.04,0.02,0.01,4
1252000,0.01,0.59,0.05,0.06,0.0,0.06,0.04,0.02,0.01,4
1258000,0.01,0.52,0.05,0.06,0.0,0.05,0.04,0.02,0.01,4
1310000,0.01,0.63,0.05,0.06,0.0,0.06,0.04,0.02,0.01,4
1317000,0.01,0.56,0.05,0.06,0.0,0.07,0.04,0.02,0.01,4
1347000,0.01,0.61,0.05,0.06,0.0,0.06,0.04,0.02,0.01,4
1300000,0.01,0.63,0.05,0.06,0.0,0.06,0.04,0.02,0.01,4
1298000,0.01,0.63,0.05,0.06,0.0,0.06,0.05,0.02,0.01,4
1250000,0.01,0.61,0.05,0.06,0.0,0.05,0.04,0.02,0.01,4
1340000,0.01,0.55,0.05,0.06,0.0,0.05,0.03,0.02,0.01,4
1302000,0.01,0.59,0.05,0.06,0.0,0.06,0.04,0.02,0.01,4
1237000,0.01,0.48,0.05,0.06,0.0,0.06,0.03,0.02,0.01,4
1352000,0.01,0.63,0.05,0.06,0.0,0.06,0.04,0.02,0.01,4
1318000,0.01,0.56,0.05,0.06,0.0,0.06,0.05,0.02,0.01,4
1287000,0.01,0.49,0.05,0.07,0.0,0.06,0.04,0.02,0.01,4
1260000,0.01,0.59,0.05,0.06,0.0,0.06,0.04,0.02,0.01,4
1271000,0.01,0.61,0.05,0.06,0.0,0.06,0.04,0.02,0.01,4
1247000,0.01,0.5,0.05,0.06,0.0,0.06,0.04,0.02,0.01,4
1245000,0.01,0.55,0.05,0.06,0.0,0.06,0.04,0.02,0.01,4
1365000,0.01,0.59,0.05,0.06,0.0,0.06,0.04,0.02,0.01,4
1361000,0.01,0.5,0.05,0.06,0.0,0.06,0.04,0.02,0.01,4
1302000,0.01,0.63,0.05,0.05,0.0,0.06,0.04,0.02,0.01,4
1311000,0.01,0.49,0.05,0.06,0.0,0.06,0.04,0.02,0.01,4
1336000,0.01,0.47,0.05,0.06,0.0,0.06,0.04,0.02,0.01,4
1273000,0.01,0.59,0.05,0.06,0.0,0.06,0.03,0.02,0.01,4
1263000,0.01,0.52,0.05,0.06,0.0,0.06,0.04,0.02,0.01,4
1351000,0.01,0.5,0.05,0.06,0.0,0.06,0.05,0.02,0.01,4
1288000,0.01,0.56,0.05,0.06,0.0,0.05,0.04,0.02,0.01,4
1255000,0.01,0.5,0.05,0.06,0.0,0.06,0.03,0.02,0.01,4
1284000,0.01,0.57,0.05,0.06,0.0,0.06,0.04,0.02,0.01,4
1346000,0.01,0.5,0.05,0.06,0.0,0.07,0.04,0.02,0.01,4
1245000,0.01,0.59,0.05,0.06,0.0,0.07,0.03,0.02,0.01,4
1354000,0.01,0.5,0.05,0.06,0.0,0.06,0.04,0.02,0.01,4
1361000,0.01,0.56,0.05,0.06,0.0,0.07,0.04,0.02,0.01,4
1242000,0.01,0.5,0.05,0.06,0.0,0.06,0.04,0.02,0.01,4
1243000,0.01,0.53,0.05,0.06,0.0,0.05,0.04,0.02,0.01,4
1271000,0.01,0.47,0.05,0.06,0.0,0.06,0.04,0.02,0.01,4
1288000,0.01,0.58,0.05,0.06,0.0,0.06,0.04,0.02,0.01,4
1246000,0.01,0.51,0.05,0.06,0.0,0.06,0.04,0.02,0.01,4
1276000,0.01,0.5,0.05,0.05,0.0,0.05,0.04,0.02,0.01,4
1340000,0.01,0.58,0.05,0.05,0.0,0.05,0.04,0.02,0.01,4
1334000,0.01,0.57,0.05,0.06,0.0,0.06,0.04,0.02,0.01,4
1334000,0.01,0.53,0.05,0.06,0.0,0.06,0.04,0.02,0.01,4
1352000,0.01,0.5,0.05,0.06,0.0,0.07,0.04,0.02,0.01,4
1257000,0.01,0.53,0.05,0.06,0.0,0.06,0.04,0.02,0.01,4
1277000,0.01,0.58,0.05,0.06,0.0,0.07,0.04,0.02,0.01,4
1256000,0.01,0.6,0.05,0.06,0.0,0.06,0.04,0.02,0.01,4
1348000,0.01,0.52,0.05,0.06,0.0,0.06,0.03,0.02,0.01,4
1359000,0.01,0.48,0.05,0.06,0.0,0.07,0.04,0.02,0.01,4
1317000,0.01,0.61,0.05,0.06,0.0,0.07,0.04,0.02,0.01,4
1341000,0.01,0.59,0.05,0.05,0.0,0.06,0.04,0.02,0.01,4
1309000,0.01,0.62,0.05,0.06,0.0,0.06,0.04,0.02,0.01,4
1280000,0.01,0.54,0.05,0.06,0.0,0.06,0.04,0.02,0.01,4
1257000,0.01,0.49,0.05,0.06,0.0,0.06,0.04,0.02,0.01,4
1257000,0.01,0.61,0.05,0.06,0.0,0.06,0.04,0.02,0.01,4
1262000,0.01,0.47,0.05,0.06,0.0,0.06,0.04,0.02,0.01,4
1284000,0.01,0.58,0.05,0.06,0.0,0.07,0.04,0.02,0.01,4
1364000,0.01,0.58,0.05,0.07,0.0,0.06,0.04,0.02,0.01,4
1270000,0.01,0.53,0.05,0.06,0.0,0.06,0.04,0.02,0.01,4
1346000,0.01,0.56,0.05,0.07,0.0,0.05,0.04,0.02,0.01,4
1261000,0.01,0.58,0.05,0.06,0.0,0.06,0.04,0.02,0.01,4
1282000,0.01,0.59,0.05,0.06,0.0,0.06,0.04,0.02,0.01,4
1352000,0.01,0.53,0.05,0.06,0.0,0.06,0.04,0.02,0.01,4
1360000,0.01,0.56,0.05,0.06,0.0,0.05,0.04,0.02,0.01,4
1240000,0.01,0.58,0.05,0.06,0.0,0.06,0.04,0.02,0.01,4
1344000,0.01,0.59,0.05,0.07,0.0,0.06,0.04,0.02,0.01,4
1253000,0.01,0.5,0.05,0.06,0.0,0.06,0.04,0.02,0.01,4
1294000,0.01,0.58,0.05,0.06,0.0,0.07,0.05,0.02,0.01,4
1238000,0.01,0.5,0.05,0.06,0.0,0.06,0.04,0.02,0.01,4
1278000,0.01,0.63,0.05,0.06,0.0,0.05,0.04,0.02,0.01,4
1325000,0.01,0.57,0.05,0.06,0.0,0.06,0.04,0.02,0.01,4
1292000,0.01,0.61,0.05,0.06,0.0,0.06,0.04,0.02,0.01,4
1287000,0.01,0.58,0.05,0.06,0.0,0.07,0.04,0.02,0.01,4
1306000,0.01,0.54,0.05,0.06,0.0,0.05,0.04,0.02,0.01,4
1278000,0.01,0.49,0.05,0.06,0.0,0.06,0.04,0.02,0.01,4
1303000,0.01,0.61,0.05,0.06,0.0,0.06,0.05,0.02,0.01,4
1265000,0.01,0.56,0.05,0.06,0.0,0.06,0.04,0.02,0.01,4
1337000,0.01,0.48,0.05,0.06,0.0,0.06,0.04,0.02,0.01,4
1354000,0.01,0.57,0.05,0.06,0.0,0.05,0.04,0.02,0.01,4
1359000,0.01,0.48,0.05,0.06,0.0,0.05,0.05,0.02,0.01,4
1357000,0.01,0.58,0.05,0.05,0.0,0.06,0.03,0.02,0.01,4
1347000,0.01,0.55,0.05,0.06,0.0,0.06,0.04,0.02,0.01,4
1328000,0.01,0.49,0.05,0.06,0.0,0.05,0.04,0.02,0.01,4
1328000,0.01,0.6,0.05,0.06,0.0,0.07,0.04,0.02,0.01,4
1273000,0.01,0.58,0.05,0.06,0.0,0.06,0.04,0.02,0.01,4
1245000,0.01,0.53,0.05,0.06,0.0,0.06,0.04,0.02,0.01,4
1301000,0.01,0.58,0.05,0.05,0.0,0.06,0.05,0.02,0.01,4
1359000,0.01,0.52,0.05,0.06,0.0,0.07,0.04,0.02,0.01,4
1353000,0.01,0.6,0.05,0.07,0.0,0.07,0.04,0.02,0.01,4
1325000,0.01,0.48,0.05,0.06,0.0,0.06,0.04,0.02,0.01,4
1345000,0.01,0.57,0.05,0.06,0.0,0.05,0.04,0.02,0.01,4
1265000,0.01,0.47,0.05,0.06,0.0,0.06,0.04,0.02,0.01,4
1256000,0.01,0.62,0.05,0.06,0.0,0.07,0.05,0.02,0.01,4
1365000,0.01,0.48,0.05,0.06,0.0,0.06,0.04,0.02,0.01,4
1323000,0.01,0.51,0.05,0.06,0.0,0.07,0.04,0.02,0.01,4
1324000,0.01,0.63,0.05,0.06,0.0,0.06,0.04,0.02,0.01,4
1306000,0.01,0.6,0.05,0.06,0.0,0.05,0.04,0.02,0.01,4
1328000,0.01,0.51,0.05,0.06,0.0,0.06,0.04,0.02,0.01,4
1283000,0.01,0.59,0.05,0.06,0.0,0.07,0.04,0.02,0.01,4
1341000,0.01,0.59,0.05,0.06,0.0,0.06,0.03,0.02,0.01,4
1355000,0.01,0.55,0.05,0.06,0.0,0.07,0.05,0.02,0.01,4
1285000,0.01,0.61,0.05,0.06,0.0,0.07,0.04,0.02,0.01,4
1247000,0.01,0.61,0.05,0.07,0.0,0.05,0.04,0.02,0.01,4
1343000,0.01,0.52,0.05,0.06,0.0,0.06,0.04,0.02,0.01,4
1348000,0.01,0.59,0.05,0.05,0.0,0.06,0.05,0.02,0.01,4
1296000,0.01,0.52,0.05,0.05,0.0,0.05,0.04,0.02,0.01,4
1348000,0.01,0.62,0.05,0.06,0.0,0.06,0.04,0.02,0.01,4
1264000,0.01,0.53,0.05,0.06,0.0,0.06,0.05,0.02,0.01,4
1286000,0.01,0.58,0.05,0.06,0.0,0.05,0.04,0.02,0.01,4
1236000,0.01,0.55,0.05,0.06,0.0,0.07,0.04,0.02,0.01,4
1348000,0.01,0.54,0.05,0.06,0.0,0.06,0.05,0.02,0.01,4
1341000,0.01,0.47,0.05,0.06,0.0,0.07,0.04,0.02,0.01,4
1315000,0.01,0.51,0.05,0.06,0.0,0.05,0.04,0.02,0.01,4
1300000,0.01,0.57,0.05,0.06,0.0,0.07,0.04,0.02,0.01,4
1305000,0.01,0.63,0.05,0.06,0.0,0.07,0.05,0.02,0.01,4
1303000,0.01,0.48,0.05,0.06,0.0,0.06,0.04,0.02,0.01,4
1287000,0.01,0.54,0.05,0.06,0.0,0.06,0.05,0.02,0.01,4
1243000,0.01,0.56,0.05,0.07,0.0,0.07,0.04,0.02,0.01,4
1320000,0.01,0.53,0.05,0.06,0.0,0.06,0.04,0.02,0.01,4
1280000,0.01,0.55,0.05,0.06,0.0,0.07,0.04,0.02,0.01,4
1343000,0.01,0.47,0.05,0.06,0.0,0.06,0.04,0.02,0.01,4
1350000,0.01,0.52,0.05,0.06,0.0,0.06,0.04,0.02,0.01,4
1356000,0.01,0.48,0.05,0.06,0.0,0.07,0.04,0.02,0.01,4
1243000,0.01,0.59,0.05,0.06,0.0,0.05,0.04,0.02,0.01,4
1242000,0.01,0.49,0.05,0.06,0.0,0.05,0.04,0.02,0.01,4
1342000,0.01,0.55,0.05,0.06,0.0,0.06,0.04,0.02,0.01,4
1242000,0.01,0.62,0.05,0.06,0.0,0.05,0.04,0.02,0.01,4
1325000,0.01,0.6,0.05,0.06,0.0,0.06,0.04,0.02,0.01,4
1257000,0.01,0.6,0.05,0.07,0.0,0.05,0.03,0.02,0.01,4
1320000,0.01,0.63,0.05,0.06,0.0,0.05,0.04,0.02,0.01,4
1319000,0.01,0.52,0.05,0.06,0.0,0.06,0.04,0.02,0.01,4
1320000,0.01,0.49,0.05,0.05,0.0,0.06,0.04,0.02,0.01,4
1246000,0.01,0.58,0.05,0.05,0.0,0.05,0.04,0.02,0.01,4
1247000,0.01,0.56,0.05,0.06,0.0,0.07,0.03,0.02,0.01,4
1332000,0.01,0.61,0.05,0.06,0.0,0.07,0.03,0.02,0.01,4
1353000,0.01,0.6,0.05,0.06,0.0,0.05,0.05,0.02,0.01,4
1236000,0.01,0.52,0.05,0.06,0.0,0.07,0.04,0.02,0.01,4
1292000,0.01,0.53,0.05,0.06,0.0,0.07,0.04,0.02,0.01,4
1321000,0.01,0.55,0.05,0.06,0.0,0.05,0.03,0.02,0.01,4
1344000,0.01,0.55,0.05,0.06,0.0,0.05,0.04,0.02,0.01,4
1343000,0.01,0.53,0.05,0.06,0.0,0.06,0.04,0.02,0.01,4
1235000,0.01,0.6,0.05,0.06,0.0,0.06,0.04,0.02,0.01,4
1312000,0.01,0.48,0.05,0.07,0.0,0.06,0.05,0.02,0.01,4
1241000,0.01,0.6,0.05,0.07,0.0,0.06,0.04,0.02,0.01,4
1268000,0.01,0.47,0.05,0.06,0.0,0.06,0.04,0.02,0.01,4
1236000,0.01,0.53,0.05,0.06,0.0,0.06,0.03,0.02,0.01,4
1310000,0.01,0.5,0.05,0.06,0.0,0.06,0.04,0.02,0.01,4
1340000,0.01,0.55,0.05,0.06,0.0,0.06,0.04,0.02,0.01,4
1292000,0.01,0.62,0.05,0.06,0.0,0.06,0.04,0.02,0.01,4
1275000,0.01,0.57,0.05,0.06,0.0,0.06,0.04,0.02,0.01,4
1265000,0.01,0.5,0.05,0.05,0.0,0.06,0.04,0.02,0.01,4
1356000,0.01,0.63,0.05,0.06,0.0,0.06,0.04,0.02,0.01,4
1334000,0.01,0.59,0.05,0.06,0.0,0.06,0.04,0.02,0.01,4
1332000,0.01,0.59,0.05,0.05,0.0,0.06,0.04,0.02,0.01,4
1276000,0.01,0.56,0.05,0.06,0.0,0.06,0.04,0.02,0.01,4
1323000,0.01,0.58,0.05,0.06,0.0,0.06,0.05,0.02,0.01,4
1255000,0.01,0.49,0.05,0.06,0.0,0.06,0.04,0.02,0.01,4
1246000,0.01,0.5,0.05,0.06,0.0,0.06,0.04,0.02,0.01,4
1336000,0.01,0.58,0.05,0.06,0.0,0.06,0.04,0.02,0.01,4
1319000,0.01,0.54,0.05,0.06,0.0,0.06,0.04,0.02,0.01,4
1358000,0.01,0.58,0.05,0.06,0.0,0.06,0.05,0.02,0.01,4
1253000,0.01,0.51,0.05,0.06,0.0,0.05,0.04,0.02,0.01,4
1245000,0.01,0.61,0.05,0.06,0.0,0.06,0.04,0.02,0.01,4
1305000,0.01,0.48,0.05,0.05,0.0,0.06,0.04,0.02,0.01,4
1289000,0.01,0.56,0.05,0.06,0.0,0.06,0.04,0.02,0.01,4
1365000,0.01,0.6,0.05,0.06,0.0,0.07,0.04,0.02,0.01,4
1292000,0.01,0.61,0.05,0.06,0.0,0.06,0.04,0.02,0.01,4
1275000,0.01,0.5,0.05,0.06,0.0,0.07,0.04,0.02,0.01,4
1313000,0.01,0.52,0.05,0.06,0.0,0.07,0.04,0.02,0.01,4
1238000,0.01,0.57,0.05,0.06,0.0,0.07,0.05,0.02,0.01,4
1245000,0.01,0.6,0.05,0.07,0.0,0.06,0.04,0.02,0.01,4
1357000,0.01,0.5,0.05,0.06,0.0,0.07,0.04,0.02,0.01,4
1313000,0.01,0.51,0.05,0.06,0.0,0.06,0.03,0.02,0.01,4
1317000,0.01,0.51,0.05,0.06,0.0,0.06,0.04,0.02,0.01,4
1304000,0.01,0.54,0.05,0.06,0.0,0.06,0.04,0.02,0.01,4
1347000,0.01,0.47,0.05,0.06,0.0,0.05,0.04,0.02,0.01,4
1360000,0.01,0.63,0.05,0.06,0.0,0.06,0.03,0.02,0.01,4
1262000,0.01,0.52,0.05,0.06,0.0,0.06,0.04,0.02,0.01,4
1353000,0.01,0.52,0.05,0.06,0.0,0.06,0.04,0.02,0.01,4
1292000,0.01,0.62,0.05,0.06,0.0,0.06,0.04,0.02,0.01,4
1352000,0.01,0.53,0.05,0.06,0.0,0.07,0.04,0.02,0.01,4
1299000,0.01,0.5,0.05,0.06,0.0,0.05,0.04,0.02,0.01,4
1278000,0.01,0.62,0.05,0.06,0.0,0.06,0.04,0.02,0.01,4
1333000,0.01,0.47,0.05,0.06,0.0,0.06,0.04,0.02,0.01,4
1359000,0.01,0.6,0.05,0.05,0.0,0.06,0.04,0.02,0.01,4
1299000,0.01,0.57,0.05,0.06,0.0,0.07,0.04,0.02,0.01,4
2052000,0.14,0.21,0.05,0.13,0.07,0.08,0.08,0.11,0.33,0
2071000,0.14,0.24,0.05,0.13,0.07,0.09,0.08,0.12,0.34,0
2013000,0.14,0.25,0.05,0.13,0.07,0.08,0.07,0.12,0.35,0
1905000,0.14,0.24,0.05,0.13,0.07,0.09,0.07,0.12,0.33,0
2084000,0.14,0.21,0.05,0.12,0.07,0.1,0.08,0.11,0.34,0
2083000,0.14,0.28,0.05,0.13,0.07,0.09,0.06,0.12,0.34,0
2100000,0.14,0.24,0.05,0.13,0.07,0.1,0.07,0.1,0.34,0
1978000,0.14,0.27,0.05,0.13,0.07,0.08,0.07,0.12,0.33,0
1946000,0.14,0.21,0.05,0.13,0.07,0.1,0.07,0.1,0.34,0
2075000,0.14,0.28,0.05,0.12,0.07,0.1,0.08,0.1,0.34,0
2081000,0.14,0.21,0.05,0.14,0.07,0.08,0.06,0.1,0.35,0
1954000,0.14,0.25,0.05,0.13,0.07,0.09,0.08,0.1,0.35,0
2076000,0.14,0.28,0.05,0.13,0.07,0.09,0.07,0.12,0.33,0
1917000,0.14,0.21,0.05,0.12,0.07,0.09,0.08,0.1,0.34,0
2085000,0.14,0.25,0.05,0.14,0.07,0.09,0.06,0.09,0.33,0
1946000,0.14,0.25,0.05,0.14,0.07,0.08,0.08,0.11,0.34,0
2094000,0.14,0.22,0.05,0.14,0.07,0.08,0.08,0.11,0.33,0
2004000,0.14,0.24,0.05,0.14,0.07,0.09,0.07,0.09,0.35,0
2056000,0.14,0.26,0.05,0.12,0.07,0.09,0.07,0.12,0.34,0
1912000,0.14,0.22,0.05,0.13,0.07,0.08,0.07,0.12,0.33,0
1975000,0.14,0.24,0.05,0.12,0.07,0.09,0.07,0.11,0.35,0
1987000,0.14,0.27,0.05,0.14,0.07,0.1,0.07,0.11,0.35,0
1986000,0.14,0.22,0.05,0.12,0.07,0.09,0.08,0.12,0.34,0
2084000,0.14,0.24,0.05,0.12,0.07,0.09,0.08,0.1,0.33,0
2079000,0.14,0.28,0.05,0.13,0.07,0.08,0.07,0.1,0.34,0
1955000,0.14,0.24,0.05,0.12,0.07,0.09,0.07,0.12,0.33,0
2040000,0.14,0.24,0.05,0.13,0.07,0.08,0.07,0.1,0.33,0
2089000,0.14,0.22,0.05,0.12,0.07,0.1,0.07,0.1,0.34,0
1946000,0.14,0.22,0.05,0.12,0.07,0.1,0.08,0.11,0.34,0
2071000,0.14,0.28,0.05,0.14,0.07,0.08,0.08,0.11,0.34,0
2035000,0.14,0.28,0.05,0.12,0.07,0.09,0.06,0.1,0.34,0
2033000,0.14,0.23,0.05,0.14,0.07,0.08,0.07,0.1,0.33,0
1997000,0.14,0.25,0.05,0.14,0.07,0.1,0.08,0.13,0.34,0
1957000,0.14,0.25,0.05,0.14,0.07,0.09,0.07,0.11,0.33,0
1998000,0.14,0.28,0.05,0.14,0.07,0.08,0.06,0.1,0.34,0
1965000,0.14,0.22,0.05,0.14,0.07,0.1,0.07,0.12,0.33,0
2060000,0.14,0.28,0.05,0.14,0.07,0.1,0.08,0.1,0.33,0
2038000,0.14,0.25,0.05,0.14,0.07,0.09,0.07,0.12,0.35,0
2040000,0.14,0.23,0.05,0.13,0.07,0.1,0.07,0.1,0.34,0
2006000,0.14,0.21,0.05,0.12,0.07,0.09,0.06,0.09,0.34,0
1919000,0.14,0.25,0.05,0.13,0.07,0.09,0.07,0.12,0.34,0
1994000,0.14,0.22,0.05,0.12,0.07,0.1,0.06,0.12,0.34,0
1966000,0.14,0.24,0.05,0.14,0.07,0.08,0.07,0.1,0.33,0
1947000,0.14,0.26,0.05,0.13,0.07,0.09,0.07,0.12,0.34,0
2016000,0.14,0.27,0.05,0.14,0.07,0.1,0.08,0.12,0.35,0
2049000,0.14,0.24,0.05,0.14,0.07,0.09,0.08,0.12,0.33,0
1939000,0.14,0.22,0.05,0.13,0.07,0.08,0.06,0.11,0.34,0
2016000,0.14,0.28,0.05,0.13,0.07,0.09,0.08,0.09,0.34,0
1991000,0.14,0.22,0.05,0.14,0.07,0.09,0.07,0.1,0.34,0
2088000,0.14,0.28,0.05,0.14,0.07,0.09,0.06,0.11,0.33,0
1929000,0.14,0.26,0.05,0.13,0.07,0.08,0.07,0.11,0.34,0
1969000,0.14,0.23,0.05,0.12,0.07,0.09,0.07,0.11,0.33,0
2061000,0.14,0.26,0.05,0.12,0.07,0.1,0.07,0.12,0.34,0
2045000,0.14,0.22,0.05,0.12,0.07,0.1,0.07,0.12,0.33,0
2034000,0.14,0.22,0.05,0.14,0.07,0.08,0.07,0.1,0.34,0
2035000,0.14,0.27,0.05,0.13,0.07,0.09,0.06,0.1,0.34,0
1994000,0.14,0.26,0.05,0.12,0.07,0.09,0.06,0.11,0.33,0
1922000,0.14,0.23,0.05,0.14,0.07,0.09,0.07,0.13,0.34,0
1955000,0.14,0.26,0.05,0.13,0.07,0.09,0.08,0.1,0.33,0
1976000,0.14,0.22,0.05,0.12,0.07,0.1,0.07,0.11,0.34,0
2088000,0.14,0.25,0.05,0.14,0.07,0.08,0.07,0.11,0.34,0
1937000,0.14,0.28,0.05,0.13,0.07,0.08,0.08,0.11,0.33,0
1993000,0.14,0.22,0.05,0.13,0.07,0.1,0.08,0.11,0.33,0
1964000,0.14,0.23,0.05,0.12,0.07,0.08,0.06,0.1,0.35,0
1927000,0.14,0.22,0.05,0.12,0.07,0.1,0.07,0.1,0.34,0
2002000,0.14,0.26,0.05,0.13,0.07,0.09,0.08,0.11,0.34,0
1966000,0.14,0.27,0.05,0.13,0.07,0.1,0.07,0.12,0.34,0
2095000,0.14,0.24,0.05,0.14,0.07,0.09,0.06,0.09,0.34,0
1954000,0.14,0.22,0.05,0.14,0.07,0.08,0.08,0.12,0.33,0
2019000,0.14,0.27,0.05,0.14,0.07,0.08,0.08,0.12,0.35,0
1904000,0.14,0.22,0.05,0.14,0.07,0.08,0.08,0.12,0.34,0
1920000,0.14,0.26,0.05,0.13,0.07,0.1,0.07,0.11,0.34,0
1917000,0.14,0.25,0.05,0.12,0.07,0.09,0.07,0.12,0.33,0
2097000,0.14,0.28,0.05,0.12,0.07,0.09,0.06,0.12,0.33,0
2016000,0.14,0.25,0.05,0.13,0.07,0.1,0.07,0.11,0.34,0
1946000,0.14,0.24,0.05,0.13,0.07,0.1,0.07,0.11,0.33,0
2056000,0.14,0.28,0.05,0.13,0.07,0.08,0.07,0.13,0.33,0
1926000,0.14,0.25,0.05,0.14,0.07,0.08,0.08,0.12,0.35,0
2065000,0.14,0.22,0.05,0.14,0.07,0.08,0.06,0.11,0.35,0
2004000,0.14,0.25,0.05,0.13,0.07,0.08,0.07,0.11,0.35,0
2093000,0.14,0.24,0.05,0.12,0.07,0.1,0.06,0.13,0.34,0
2079000,0.14,0.24,0.05,0.14,0.07,0.09,0.06,0.11,0.33,0
1928000,0.14,0.22,0.05,0.12,0.07,0.08,0.07,0.09,0.33,0
2071000,0.14,0.26,0.05,0.12,0.07,0.08,0.07,0.1,0.34,0
2036000,0.14,0.27,0.05,0.13,0.07,0.08,0.08,0.11,0.33,0
1976000,0.14,0.27,0.05,0.13,0.07,0.09,0.08,0.13,0.34,0
2075000,0.14,0.21,0.05,0.13,0.07,0.1,0.07,0.1,0.35,0
1958000,0.14,0.25,0.05,0.13,0.07,0.08,0.06,0.13,0.35,0
2048000,0.14,0.22,0.05,0.12,0.07,0.09,0.06,0.12,0.35,0
2004000,0.14,0.25,0.05,0.13,0.07,0.1,0.07,0.11,0.35,0
2064000,0.14,0.22,0.05,0.12,0.07,0.1,0.07,0.12,0.34,0
1910000,0.14,0.25,0.05,0.12,0.07,0.09,0.06,0.1,0.34,0
2072000,0.14,0.25,0.05,0.12,0.07,0.09,0.07,0.1,0.35,0
1942000,0.14,0.24,0.05,0.13,0.07,0.09,0.07,0.12,0.35,0
2039000,0.14,0.28,0.05,0.13,0.07,0.09,0.07,0.12,0.33,0
2043000,0.14,0.27,0.05,0.12,0.07,0.08,0.07,0.1,0.33,0
2072000,0.14,0.22,0.05,0.12,0.07,0.09,0.07,0.1,0.33,0
2082000,0.14,0.22,0.05,0.14,0.07,0.08,0.08,0.1,0.34,0
2056000,0.14,0.22,0.05,0.13,0.07,0.09,0.07,0.1,0.34,0
2062000,0.14,0.24,0.05,0.14,0.07,0.09,0.06,0.11,0.33,0
1912000,0.14,0.27,0.05,0.13,0.07,0.1,0.07,0.11,0.33,0
2002000,0.14,0.23,0.05,0.14,0.07,0.1,0.07,0.09,0.33,0
2086000,0.14,0.27,0.05,0.12,0.07,0.09,0.07,0.11,0.34,0
1994000,0.14,0.26,0.05,0.12,0.07,0.1,0.06,0.12,0.33,0
1978000,0.14,0.24,0.05,0.14,0.07,0.08,0.07,0.12,0.33,0
2087000,0.14,0.28,0.05,0.12,0.07,0.09,0.07,0.12,0.34,0
2032000,0.14,0.24,0.05,0.14,0.07,0.1,0.06,0.1,0.35,0
1935000,0.14,0.26,0.05,0.13,0.07,0.09,0.06,0.12,0.33,0
2070000,0.14,0.29,0.05,0.13,0.07,0.08,0.07,0.1,0.35,0
2089000,0.14,0.22,0.05,0.12,0.07,0.09,0.08,0.12,0.34,0
1972000,0.14,0.22,0.05,0.14,0.07,0.08,0.07,0.12,0.34,0
2027000,0.14,0.27,0.05,0.13,0.07,0.1,0.07,0.12,0.35,0
1989000,0.14,0.26,0.05,0.12,0.07,0.09,0.08,0.12,0.34,0
2049000,0.14,0.24,0.05,0.12,0.07,0.1,0.07,0.12,0.34,0
1945000,0.14,0.22,0.05,0.12,0.07,0.09,0.06,0.12,0.35,0
2027000,0.14,0.28,0.05,0.13,0.07,0.08,0.08,0.12,0.34,0
1914000,0.14,0.28,0.05,0.13,0.07,0.08,0.06,0.12,0.35,0
2060000,0.14,0.22,0.05,0.13,0.07,0.1,0.07,0.11,0.35,0
1993000,0.14,0.24,0.05,0.13,0.07,0.1,0.08,0.1,0.35,0
2065000,0.14,0.26,0.05,0.13,0.07,0.08,0.08,0.12,0.34,0
1931000,0.14,0.24,0.05,0.13,0.07,0.08,0.07,0.09,0.34,0
2067000,0.14,0.22,0.05,0.13,0.07,0.09,0.06,0.11,0.34,0
1982000,0.14,0.24,0.05,0.14,0.07,0.1,0.07,0.12,0.33,0
2098000,0.14,0.24,0.05,0.12,0.07,0.09,0.06,0.1,0.34,0
1972000,0.14,0.22,0.05,0.13,0.07,0.09,0.06,0.1,0.33,0
1966000,0.14,0.27,0.05,0.13,0.07,0.08,0.08,0.12,0.34,0
2028000,0.14,0.28,0.05,0.13,0.07,0.1,0.06,0.11,0.33,0
1930000,0.14,0.21,0.05,0.14,0.07,0.08,0.06,0.09,0.35,0
2064000,0.14,0.28,0.05,0.13,0.07,0.09,0.06,0.12,0.33,0
2014000,0.14,0.22,0.05,0.14,0.07,0.08,0.07,0.11,0.33,0
2009000,0.14,0.22,0.05,0.13,0.07,0.08,0.06,0.12,0.33,0
2070000,0.14,0.25,0.05,0.12,0.07,0.08,0.07,0.1,0.33,0
1982000,0.14,0.29,0.05,0.13,0.07,0.08,0.07,0.1,0.35,0
1981000,0.14,0.25,0.05,0.13,0.07,0.09,0.08,0.1,0.33,0
2057000,0.14,0.26,0.05,0.12,0.07,0.09,0.06,0.1,0.34,0
1945000,0.14,0.23,0.05,0.12,0.07,0.08,0.07,0.13,0.33,0
1960000,0.14,0.22,0.05,0.14,0.07,0.08,0.07,0.1,0.35,0
1923000,0.14,0.28,0.05,0.14,0.07,0.09,0.07,0.1,0.34,0
1976000,0.14,0.26,0.05,0.14,0.07,0.1,0.06,0.11,0.35,0
1948000,0.14,0.27,0.05,0.13,0.07,0.09,0.07,0.13,0.33,0
2055000,0.14,0.26,0.05,0.13,0.07,0.09,0.07,0.09,0.35,0
1968000,0.14,0.26,0.05,0.12,0.07,0.08,0.07,0.1,0.33,0
1996000,0.14,0.23,0.05,0.13,0.07,0.1,0.06,0.12,0.35,0
2009000,0.14,0.24,0.05,0.12,0.07,0.08,0.07,0.1,0.33,0
1998000,0.14,0.23,0.05,0.13,0.07,0.08,0.07,0.1,0.34,0
2055000,0.14,0.23,0.05,0.12,0.07,0.1,0.08,0.11,0.34,0
1943000,0.14,0.23,0.05,0.12,0.07,0.09,0.07,0.1,0.35,0
1941000,0.14,0.25,0.05,0.13,0.07,0.08,0.07,0.11,0.35,0
1917000,0.14,0.24,0.05,0.13,0.07,0.09,0.07,0.11,0.35,0
2046000,0.14,0.28,0.05,0.13,0.07,0.08,0.06,0.11,0.34,0
2085000,0.14,0.28,0.05,0.12,0.07,0.09,0.08,0.1,0.33,0
1937000,0.14,0.27,0.05,0.13,0.07,0.08,0.08,0.11,0.35,0
1967000,0.14,0.27,0.05,0.12,0.07,0.08,0.07,0.12,0.34,0
2052000,0.14,0.25,0.05,0.14,0.07,0.08,0.08,0.12,0.35,0
2042000,0.14,0.21,0.05,0.14,0.07,0.08,0.07,0.1,0.33,0
1962000,0.14,0.29,0.05,0.14,0.07,0.08,0.08,0.12,0.34,0
2058000,0.14,0.27,0.05,0.14,0.07,0.09,0.06,0.1,0.35,0
2024000,0.14,0.27,0.05,0.13,0.07,0.09,0.06,0.1,0.33,0
2095000,0.14,0.25,0.05,0.14,0.07,0.09,0.08,0.11,0.34,0
2082000,0.14,0.24,0.05,0.14,0.07,0.08,0.06,0.12,0.34,0
1996000,0.14,0.23,0.05,0.12,0.07,0.09,0.07,0.1,0.34,0
2090000,0.14,0.23,0.05,0.12,0.07,0.09,0.06,0.11,0.34,0
2073000,0.14,0.22,0.05,0.12,0.07,0.08,0.07,0.12,0.33,0
1996000,0.14,0.24,0.05,0.12,0.07,0.08,0.06,0.12,0.33,0
1975000,0.14,0.24,0.05,0.13,0.07,0.09,0.07,0.09,0.34,0
1940000,0.14,0.29,0.05,0.12,0.07,0.08,0.06,0.11,0.34,0
2043000,0.14,0.25,0.05,0.13,0.07,0.08,0.06,0.11,0.34,0
1952000,0.14,0.27,0.05,0.12,0.07,0.1,0.06,0.1,0.35,0
2028000,0.14,0.22,0.05,0.13,0.07,0.1,0.08,0.11,0.33,0
2045000,0.14,0.22,0.05,0.12,0.07,0.08,0.06,0.11,0.34,0
1990000,0.14,0.26,0.05,0.12,0.07,0.1,0.07,0.11,0.33,0
1905000,0.14,0.23,0.05,0.12,0.07,0.08,0.07,0.11,0.34,0
1962000,0.14,0.27,0.05,0.12,0.07,0.08,0.07,0.11,0.34,0
1934000,0.14,0.22,0.05,0.13,0.07,0.08,0.07,0.11,0.34,0
1937000,0.14,0.26,0.05,0.12,0.07,0.09,0.08,0.1,0.34,0
1981000,0.14,0.25,0.05,0.12,0.07,0.1,0.08,0.1,0.35,0
2020000,0.14,0.23,0.05,0.13,0.07,0.1,0.07,0.12,0.34,0
1999000,0.14,0.28,0.05,0.12,0.07,0.08,0.06,0.11,0.34,0
2003000,0.14,0.23,0.05,0.14,0.07,0.1,0.08,0.11,0.33,0
1937000,0.14,0.27,0.05,0.14,0.07,0.1,0.07,0.11,0.35,0
2034000,0.14,0.28,0.05,0.13,0.07,0.08,0.07,0.12,0.35,0
1912000,0.14,0.21,0.05,0.12,0.07,0.09,0.07,0.1,0.34,0
1940000,0.14,0.23,0.05,0.14,0.07,0.09,0.08,0.1,0.33,0
2046000,0.14,0.23,0.05,0.14,0.07,0.08,0.08,0.12,0.34,0
2079000,0.14,0.26,0.05,0.13,0.07,0.08,0.07,0.11,0.34,0
1989000,0.14,0.22,0.05,0.14,0.07,0.08,0.08,0.11,0.35,0
1932000,0.14,0.28,0.05,0.12,0.07,0.09,0.08,0.12,0.33,0
1935000,0.14,0.25,0.05,0.14,0.07,0.08,0.06,0.12,0.34,0
2060000,0.14,0.25,0.05,0.14,0.07,0.08,0.07,0.11,0.34,0
1994000,0.14,0.22,0.05,0.13,0.07,0.09,0.06,0.09,0.34,0
2060000,0.14,0.23,0.05,0.12,0.07,0.08,0.06,0.1,0.34,0
2061000,0.14,0.28,0.05,0.13,0.07,0.08,0.08,0.1,0.33,0
2021000,0.14,0.29,0.05,0.13,0.07,0.09,0.08,0.1,0.35,0
1922000,0.14,0.23,0.05,0.14,0.07,0.1,0.07,0.11,0.34,0
1923000,0.14,0.22,0.05,0.13,0.07,0.1,0.07,0.1,0.33,0
1906000,0.14,0.26,0.05,0.13,0.07,0.08,0.07,0.13,0.33,0
1974000,0.14,0.22,0.05,0.13,0.07,0.1,0.07,0.1,0.34,0
1951000,0.14,0.26,0.05,0.13,0.07,0.09,0.08,0.1,0.33,0
1927000,0.14,0.28,0.05,0.14,0.07,0.08,0.07,0.12,0.35,0
1977000,0.14,0.23,0.05,0.14,0.07,0.1,0.06,0.13,0.34,0
1289000,0.06,0.13,0.04,0.07,0.03,0.13,0.06,0.49,0.08,5
1243000,0.06,0.13,0.04,0.06,0.03,0.12,0.06,0.52,0.08,5
1323000,0.06,0.11,0.04,0.07,0.03,0.12,0.06,0.53,0.08,5
1240000,0.06,0.13,0.04,0.07,0.03,0.12,0.07,0.48,0.08,5
1240000,0.06,0.11,0.04,0.06,0.03,0.1,0.07,0.46,0.08,5
1353000,0.06,0.11,0.04,0.07,0.03,0.11,0.06,0.43,0.08,5
1306000,0.06,0.12,0.04,0.07,0.03,0.12,0.07,0.39,0.08,5
1266000,0.06,0.13,0.04,0.07,0.03,0.13,0.06,0.42,0.08,5
1357000,0.06,0.14,0.04,0.07,0.03,0.12,0.06,0.43,0.08,5
1278000,0.06,0.11,0.04,0.07,0.03,0.13,0.06,0.47,0.08,5
1310000,0.06,0.11,0.04,0.07,0.03,0.1,0.06,0.4,0.08,5
1351000,0.06,0.12,0.04,0.07,0.03,0.14,0.06,0.51,0.08,5
1331000,0.06,0.1,0.04,0.07,0.03,0.12,0.05,0.52,0.08,5
1239000,0.06,0.12,0.04,0.07,0.03,0.13,0.06,0.43,0.08,5
1274000,0.06,0.13,0.04,0.07,0.03,0.11,0.06,0.48,0.08,5
1262000,0.06,0.11,0.04,0.07,0.03,0.1,0.05,0.51,0.08,5
1320000,0.06,0.13,0.04,0.07,0.03,0.13,0.05,0.41,0.08,5
1313000,0.06,0.11,0.04,0.08,0.03,0.12,0.06,0.4,0.08,5
1354000,0.06,0.1,0.04,0.07,0.03,0.14,0.07,0.51,0.08,5
1355000,0.06,0.12,0.04,0.07,0.03,0.12,0.06,0.47,0.08,5
1276000,0.06,0.11,0.04,0.07,0.03,0.13,0.05,0.41,0.08,5
1347000,0.06,0.1,0.04,0.07,0.03,0.11,0.06,0.47,0.08,5
1303000,0.06,0.13,0.04,0.08,0.03,0.1,0.07,0.49,0.08,5
1359000,0.06,0.11,0.04,0.07,0.03,0.11,0.05,0.48,0.08,5
1242000,0.06,0.12,0.04,0.07,0.03,0.11,0.07,0.44,0.08,5
1312000,0.06,0.11,0.04,0.08,0.03,0.12,0.07,0.42,0.08,5
1257000,0.06,0.12,0.04,0.08,0.03,0.13,0.06,0.49,0.08,5
1260000,0.06,0.13,0.04,0.07,0.03,0.14,0.06,0.5,0.08,5
1306000,0.06,0.1,0.04,0.08,0.03,0.1,0.06,0.44,0.08,5
1237000,0.06,0.12,0.04,0.07,0.03,0.12,0.06,0.43,0.08,5
1255000,0.06,0.12,0.04,0.06,0.03,0.12,0.06,0.39,0.08,5
1252000,0.06,0.12,0.04,0.07,0.03,0.13,0.06,0.41,0.08,5
1276000,0.06,0.12,0.04,0.06,0.03,0.1,0.06,0.4,0.08,5
1302000,0.06,0.13,0.04,0.07,0.03,0.13,0.05,0.51,0.08,5
1310000,0.06,0.11,0.04,0.06,0.03,0.12,0.06,0.44,0.08,5
1255000,0.06,0.13,0.04,0.07,0.03,0.13,0.07,0.45,0.08,5
1287000,0.06,0.13,0.04,0.07,0.03,0.13,0.05,0.5,0.08,5
1244000,0.06,0.12,0.04,0.07,0.03,0.1,0.07,0.43,0.08,5
1338000,0.06,0.12,0.04,0.07,0.03,0.13,0.06,0.51,0.08,5
1267000,0.06,0.11,0.04,0.06,0.03,0.14,0.07,0.52,0.08,5
1334000,0.06,0.11,0.04,0.07,0.03,0.11,0.07,0.44,0.08,5
1307000,0.06,0.11,0.04,0.07,0.03,0.11,0.06,0.5,0.08,5
1350000,0.06,0.13,0.04,0.07,0.03,0.12,0.06,0.46,0.08,5
1253000,0.06,0.11,0.04,0.07,0.03,0.12,0.05,0.49,0.08,5
1240000,0.06,0.12,0.04,0.07,0.03,0.13,0.07,0.49,0.08,5
1236000,0.06,0.11,0.04,0.07,0.03,0.13,0.06,0.45,0.08,5
1337000,0.06,0.12,0.04,0.07,0.03,0.14,0.07,0.44,0.08,5
1298000,0.06,0.12,0.04,0.08,0.03,0.12,0.07,0.52,0.08,5
1245000,0.06,0.13,0.04,0.07,0.03,0.1,0.05,0.43,0.08,5
1237000,0.06,0.1,0.04,0.07,0.03,0.13,0.06,0.49,0.08,5
1239000,0.06,0.13,0.04,0.07,0.03,0.12,0.06,0.48,0.08,5
1269000,0.06,0.11,0.04,0.07,0.03,0.11,0.06,0.46,0.08,5
1282000,0.06,0.11,0.04,0.07,0.03,0.1,0.05,0.52,0.08,5
1314000,0.06,0.13,0.04,0.07,0.03,0.11,0.06,0.41,0.08,5
1357000,0.06,0.14,0.04,0.07,0.03,0.13,0.06,0.49,0.08,5
1322000,0.06,0.11,0.04,0.08,0.03,0.12,0.05,0.51,0.08,5
1269000,0.06,0.13,0.04,0.07,0.03,0.11,0.07,0.49,0.08,5
1308000,0.06,0.11,0.04,0.07,0.03,0.12,0.05,0.47,0.08,5
1293000,0.06,0.11,0.04,0.07,0.03,0.1,0.05,0.47,0.08,5
1259000,0.06,0.12,0.04,0.07,0.03,0.1,0.05,0.49,0.08,5
1314000,0.06,0.12,0.04,0.07,0.03,0.11,0.06,0.43,0.08,5
1356000,0.06,0.12,0.04,0.07,0.03,0.11,0.05,0.43,0.08,5
1294000,0.06,0.13,0.04,0.06,0.03,0.12,0.06,0.44,0.08,5
1282000,0.06,0.12,0.04,0.07,0.03,0.11,0.07,0.44,0.08,5
1301000,0.06,0.11,0.04,0.07,0.03,0.11,0.07,0.52,0.08,5
1242000,0.06,0.13,0.04,0.07,0.03,0.14,0.05,0.46,0.08,5
1329000,0.06,0.1,0.04,0.06,0.03,0.13,0.05,0.41,0.08,5
1316000,0.06,0.11,0.04,0.07,0.03,0.13,0.07,0.45,0.08,5
1278000,0.06,0.12,0.04,0.08,0.03,0.12,0.06,0.5,0.08,5
1265000,0.06,0.11,0.04,0.07,0.03,0.13,0.06,0.46,0.08,5
1269000,0.06,0.12,0.04,0.07,0.03,0.13,0.06,0.42,0.08,5
1279000,0.06,0.12,0.04,0.07,0.03,0.12,0.06,0.52,0.08,5
1303000,0.06,0.12,0.04,0.07,0.03,0.11,0.06,0.46,0.08,5
1334000,0.06,0.14,0.04,0.06,0.03,0.11,0.06,0.5,0.08,5
1326000,0.06,0.13,0.04,0.07,0.03,0.12,0.06,0.5,0.08,5
1244000,0.06,0.13,0.04,0.07,0.03,0.11,0.06,0.43,0.08,5
1312000,0.06,0.1,0.04,0.06,0.03,0.12,0.06,0.44,0.08,5
1355000,0.06,0.12,0.04,0.07,0.03,0.11,0.06,0.49,0.08,5
1237000,0.06,0.13,0.04,0.07,0.03,0.13,0.06,0.5,0.08,5
1342000,0.06,0.13,0.04,0.07,0.03,0.11,0.06,0.53,0.08,5
1344000,0.06,0.12,0.04,0.07,0.03,0.13,0.06,0.52,0.08,5
1269000,0.06,0.13,0.04,0.07,0.03,0.13,0.07,0.51,0.08,5
1246000,0.06,0.11,0.04,0.06,0.03,0.12,0.05,0.4,0.08,5
1296000,0.06,0.13,0.04,0.07,0.03,0.11,0.05,0.51,0.08,5
1310000,0.06,0.14,0.04,0.06,0.03,0.12,0.06,0.4,0.08,5
1307000,0.06,0.11,0.04,0.07,0.03,0.11,0.06,0.44,0.08,5
1282000,0.06,0.14,0.04,0.07,0.03,0.11,0.05,0.47,0.08,5
1331000,0.06,0.13,0.04,0.07,0.03,0.13,0.06,0.44,0.08,5
1238000,0.06,0.12,0.04,0.07,0.03,0.11,0.06,0.47,0.08,5
1239000,0.06,0.1,0.04,0.06,0.03,0.14,0.07,0.42,0.08,5
1278000,0.06,0.13,0.04,0.07,0.03,0.13,0.06,0.51,0.08,5
1288000,0.06,0.11,0.04,0.06,0.03,0.14,0.06,0.41,0.08,5
1318000,0.06,0.13,0.04,0.07,0.03,0.13,0.06,0.46,0.08,5
1297000,0.06,0.12,0.04,0.07,0.03,0.12,0.07,0.46,0.08,5
1278000,0.06,0.11,0.04,0.07,0.03,0.12,0.05,0.44,0.08,5
1280000,0.06,0.11,0.04,0.07,0.03,0.11,0.05,0.48,0.08,5
1258000,0.06,0.12,0.04,0.07,0.03,0.13,0.05,0.42,0.08,5
1288000,0.06,0.11,0.04,0.07,0.03,0.12,0.06,0.42,0.08,5
1291000,0.06,0.14,0.04,0.07,0.03,0.11,0.06,0.47,0.08,5
1243000,0.06,0.12,0.04,0.07,0.03,0.12,0.06,0.46,0.08,5
1344000,0.06,0.1,0.04,0.08,0.03,0.13,0.06,0.51,0.08,5
1267000,0.06,0.14,0.04,0.07,0.03,0.14,0.06,0.42,0.08,5
1354000,0.06,0.13,0.04,0.07,0.03,0.12,0.07,0.43,0.08,5
1306000,0.06,0.13,0.04,0.07,0.03,0.14,0.07,0.46,0.08,5
1260000,0.06,0.11,0.04,0.07,0.03,0.13,0.06,0.42,0.08,5
1305000,0.06,0.14,0.04,0.07,0.03,0.1,0.07,0.44,0.08,5
1297000,0.06,0.11,0.04,0.07,0.03,0.13,0.06,0.51,0.08,5
1271000,0.06,0.13,0.04,0.06,0.03,0.14,0.06,0.41,0.08,5
1349000,0.06,0.1,0.04,0.06,0.03,0.12,0.07,0.43,0.08,5
1298000,0.06,0.13,0.04,0.07,0.03,0.13,0.07,0.42,0.08,5
1358000,0.06,0.14,0.04,0.08,0.03,0.11,0.06,0.43,0.08,5
1286000,0.06,0.12,0.04,0.07,0.03,0.12,0.07,0.47,0.08,5
1328000,0.06,0.12,0.04,0.08,0.03,0.13,0.06,0.47,0.08,5
1297000,0.06,0.14,0.04,0.08,0.03,0.11,0.06,0.47,0.08,5
1238000,0.06,0.12,0.04,0.07,0.03,0.11,0.06,0.42,0.08,5
1310000,0.06,0.1,0.04,0.07,0.03,0.12,0.06,0.44,0.08,5
1329000,0.06,0.14,0.04,0.08,0.03,0.13,0.05,0.47,0.08,5
1355000,0.06,0.11,0.04,0.08,0.03,0.11,0.06,0.49,0.08,5
1339000,0.06,0.11,0.04,0.07,0.03,0.11,0.06,0.52,0.08,5
1298000,0.06,0.11,0.04,0.07,0.03,0.13,0.06,0.48,0.08,5
1302000,0.06,0.14,0.04,0.06,0.03,0.11,0.06,0.4,0.08,5
1249000,0.06,0.11,0.04,0.07,0.03,0.12,0.05,0.44,0.08,5
1289000,0.06,0.12,0.04,0.06,0.03,0.12,0.06,0.52,0.08,5
1238000,0.06,0.12,0.04,0.07,0.03,0.11,0.07,0.51,0.08,5
1288000,0.06,0.11,0.04,0.07,0.03,0.13,0.06,0.42,0.08,5
1333000,0.06,0.12,0.04,0.07,0.03,0.11,0.06,0.5,0.08,5
1314000,0.06,0.11,0.04,0.06,0.03,0.12,0.05,0.53,0.08,5
1309000,0.06,0.12,0.04,0.07,0.03,0.12,0.07,0.51,0.08,5
1303000,0.06,0.12,0.04,0.07,0.03,0.12,0.06,0.42,0.08,5
1252000,0.06,0.13,0.04,0.07,0.03,0.13,0.06,0.51,0.08,5
1354000,0.06,0.13,0.04,0.07,0.03,0.13,0.06,0.51,0.08,5
1255000,0.06,0.12,0.04,0.07,0.03,0.12,0.06,0.5,0.08,5
1343000,0.06,0.14,0.04,0.07,0.03,0.11,0.06,0.5,0.08,5
1244000,0.06,0.12,0.04,0.07,0.03,0.13,0.05,0.41,0.08,5
1357000,0.06,0.13,0.04,0.07,0.03,0.11,0.05,0.51,0.08,5
1348000,0.06,0.13,0.04,0.07,0.03,0.11,0.06,0.39,0.08,5
1302000,0.06,0.12,0.04,0.07,0.03,0.14,0.06,0.4,0.08,5
1265000,0.06,0.14,0.04,0.07,0.03,0.13,0.06,0.52,0.08,5
1323000,0.06,0.13,0.04,0.06,0.03,0.13,0.06,0.44,0.08,5
1259000,0.06,0.14,0.04,0.07,0.03,0.12,0.07,0.51,0.08,5
1330000,0.06,0.11,0.04,0.07,0.03,0.1,0.07,0.5,0.08,5
1338000,0.06,0.11,0.04,0.06,0.03,0.13,0.06,0.51,0.08,5
1245000,0.06,0.14,0.04,0.07,0.03,0.13,0.07,0.51,0.08,5
1245000,0.06,0.11,0.04,0.07,0.03,0.11,0.07,0.4,0.08,5
1282000,0.06,0.12,0.04,0.06,0.03,0.1,0.05,0.5,0.08,5
1342000,0.06,0.13,0.04,0.07,0.03,0.12,0.07,0.52,0.08,5
1332000,0.06,0.12,0.04,0.07,0.03,0.11,0.05,0.52,0.08,5
1286000,0.06,0.13,0.04,0.08,0.03,0.14,0.07,0.53,0.08,5
1302000,0.06,0.13,0.04,0.07,0.03,0.13,0.07,0.45,0.08,5
1346000,0.06,0.12,0.04,0.07,0.03,0.13,0.06,0.43,0.08,5
1325000,0.06,0.12,0.04,0.07,0.03,0.1,0.05,0.51,0.08,5
1327000,0.06,0.12,0.04,0.07,0.03,0.12,0.05,0.44,0.08,5
1267000,0.06,0.11,0.04,0.07,0.03,0.13,0.05,0.42,0.08,5
1258000,0.06,0.14,0.04,0.07,0.03,0.12,0.06,0.42,0.08,5
1355000,0.06,0.12,0.04,0.08,0.03,0.13,0.07,0.47,0.08,5
1264000,0.06,0.13,0.04,0.07,0.03,0.12,0.06,0.43,0.08,5
1324000,0.06,0.11,0.04,0.07,0.03,0.14,0.05,0.48,0.08,5
1322000,0.06,0.12,0.04,0.07,0.03,0.14,0.06,0.48,0.08,5
1339000,0.06,0.13,0.04,0.07,0.03,0.12,0.05,0.45,0.08,5
1346000,0.06,0.12,0.04,0.06,0.03,0.13,0.06,0.46,0.08,5
1346000,0.06,0.12,0.04,0.07,0.03,0.11,0.05,0.4,0.08,5
1355000,0.06,0.12,0.04,0.07,0.03,0.11,0.06,0.41,0.08,5
1291000,0.06,0.14,0.04,0.06,0.03,0.14,0.06,0.43,0.08,5
1341000,0.06,0.14,0.04,0.07,0.03,0.12,0.05,0.49,0.08,5
1327000,0.06,0.14,0.04,0.07,0.03,0.13,0.06,0.52,0.08,5
1265000,0.06,0.13,0.04,0.07,0.03,0.12,0.07,0.47,0.08,5
1294000,0.06,0.14,0.04,0.07,0.03,0.12,0.05,0.47,0.08,5
1260000,0.06,0.12,0.04,0.07,0.03,0.11,0.06,0.41,0.08,5
1237000,0.06,0.13,0.04,0.07,0.03,0.14,0.06,0.46,0.08,5
1269000,0.06,0.12,0.04,0.07,0.03,0.12,0.06,0.44,0.08,5
1309000,0.06,0.12,0.04,0.08,0.03,0.12,0.07,0.5,0.08,5
1275000,0.06,0.11,0.04,0.08,0.03,0.14,0.06,0.52,0.08,5
1324000,0.06,0.13,0.04,0.07,0.03,0.11,0.05,0.4,0.08,5
1341000,0.06,0.11,0.04,0.07,0.03,0.14,0.06,0.48,0.08,5
1251000,0.06,0.12,0.04,0.08,0.03,0.11,0.06,0.51,0.08,5
1335000,0.06,0.11,0.04,0.07,0.03,0.1,0.07,0.42,0.08,5
1319000,0.06,0.11,0.04,0.08,0.03,0.12,0.07,0.39,0.08,5
1267000,0.06,0.11,0.04,0.07,0.03,0.11,0.06,0.48,0.08,5
1296000,0.06,0.11,0.04,0.07,0.03,0.13,0.06,0.49,0.08,5
1238000,0.06,0.13,0.04,0.07,0.03,0.12,0.06,0.43,0.08,5
1239000,0.06,0.1,0.04,0.07,0.03,0.13,0.06,0.44,0.08,5
1238000,0.06,0.12,0.04,0.06,0.03,0.12,0.06,0.45,0.08,5
1245000,0.06,0.14,0.04,0.06,0.03,0.11,0.06,0.44,0.08,5
1248000,0.06,0.12,0.04,0.07,0.03,0.12,0.06,0.51,0.08,5
1353000,0.06,0.11,0.04,0.07,0.03,0.13,0.06,0.48,0.08,5
1311000,0.06,0.12,0.04,0.07,0.03,0.11,0.07,0.49,0.08,5
1262000,0.06,0.13,0.04,0.07,0.03,0.11,0.07,0.49,0.08,5
1245000,0.06,0.12,0.04,0.07,0.03,0.12,0.06,0.46,0.08,5
1281000,0.06,0.12,0.04,0.06,0.03,0.1,0.07,0.44,0.08,5
1290000,0.06,0.14,0.04,0.07,0.03,0.11,0.06,0.48,0.08,5
1237000,0.06,0.11,0.04,0.06,0.03,0.11,0.07,0.4,0.08,5
1273000,0.06,0.11,0.04,0.07,0.03,0.12,0.05,0.49,0.08,5
1235000,0.06,0.11,0.04,0.07,0.03,0.13,0.06,0.49,0.08,5
1241000,0.06,0.12,0.04,0.07,0.03,0.12,0.07,0.47,0.08,5
1337000,0.06,0.12,0.04,0.08,0.03,0.1,0.05,0.47,0.08,5
1242000,0.06,0.14,0.04,0.07,0.03,0.11,0.06,0.46,0.08,5
1353000,0.06,0.12,0.04,0.07,0.03,0.1,0.06,0.48,0.08,5
1308000,0.06,0.12,0.04,0.07,0.03,0.12,0.06,0.42,0.08,5
1247000,0.06,0.1,0.04,0.06,0.03,0.12,0.06,0.5,0.08,5
1320000,0.06,0.12,0.04,0.07,0.03,0.11,0.05,0.42,0.08,5
1280000,0.1,0.24,0.11,0.07,0.05,0.4,0.05,0.13,0.08,8
1265000,0.1,0.24,0.11,0.07,0.05,0.46,0.07,0.17,0.08,8
1329000,0.1,0.22,0.1,0.07,0.05,0.36,0.06,0.16,0.08,8
1290000,0.1,0.19,0.11,0.07,0.05,0.36,0.06,0.15,0.08,8
1251000,0.1,0.25,0.1,0.08,0.05,0.44,0.06,0.15,0.08,8
1270000,0.1,0.23,0.09,0.07,0.05,0.39,0.05,0.13,0.08,8
1363000,0.1,0.2,0.1,0.07,0.05,0.38,0.07,0.15,0.08,8
1272000,0.1,0.23,0.1,0.06,0.05,0.42,0.07,0.17,0.08,8
1290000,0.1,0.21,0.09,0.07,0.05,0.37,0.07,0.15,0.08,8
1333000,0.1,0.21,0.1,0.06,0.05,0.39,0.05,0.13,0.08,8
1293000,0.1,0.22,0.11,0.06,0.05,0.44,0.06,0.14,0.08,8
1264000,0.1,0.25,0.1,0.08,0.05,0.42,0.05,0.16,0.08,8
1311000,0.1,0.24,0.09,0.07,0.05,0.4,0.06,0.17,0.08,8
1292000,0.1,0.23,0.11,0.07,0.05,0.46,0.07,0.14,0.08,8
1251000,0.1,0.2,0.11,0.07,0.05,0.38,0.06,0.15,0.08,8
1302000,0.1,0.21,0.1,0.06,0.05,0.39,0.06,0.17,0.08,8
1278000,0.1,0.25,0.11,0.07,0.05,0.38,0.06,0.13,0.08,8
1301000,0.1,0.24,0.11,0.07,0.05,0.34,0.06,0.16,0.08,8
1275000,0.1,0.23,0.11,0.07,0.05,0.36,0.07,0.13,0.08,8
1329000,0.1,0.19,0.1,0.07,0.05,0.34,0.05,0.13,0.08,8
1292000,0.1,0.24,0.11,0.07,0.05,0.41,0.06,0.14,0.08,8
1282000,0.1,0.21,0.11,0.07,0.05,0.42,0.07,0.17,0.08,8
1315000,0.1,0.24,0.11,0.07,0.05,0.46,0.06,0.17,0.08,8
1305000,0.1,0.22,0.09,0.07,0.05,0.38,0.07,0.16,0.08,8
1282000,0.1,0.24,0.09,0.07,0.05,0.37,0.05,0.15,0.08,8
1277000,0.1,0.25,0.11,0.07,0.05,0.46,0.05,0.17,0.08,8
1267000,0.1,0.24,0.1,0.07,0.05,0.36,0.05,0.14,0.08,8
1251000,0.1,0.23,0.11,0.07,0.05,0.42,0.06,0.14,0.08,8
1236000,0.1,0.23,0.11,0.06,0.05,0.43,0.07,0.14,0.08,8
1276000,0.1,0.25,0.1,0.07,0.05,0.4,0.06,0.15,0.08,8
1294000,0.1,0.24,0.09,0.08,0.05,0.38,0.06,0.14,0.08,8
1250000,0.1,0.22,0.1,0.07,0.05,0.41,0.07,0.15,0.08,8
1340000,0.1,0.2,0.09,0.06,0.05,0.38,0.07,0.16,0.08,8
1343000,0.1,0.23,0.11,0.07,0.05,0.41,0.06,0.15,0.08,8
1239000,0.1,0.19,0.11,0.07,0.05,0.4,0.07,0.16,0.08,8
1277000,0.1,0.22,0.1,0.08,0.05,0.35,0.05,0.15,0.08,8
1310000,0.1,0.25,0.1,0.07,0.05,0.41,0.05,0.14,0.08,8
1353000,0.1,0.2,0.11,0.07,0.05,0.42,0.06,0.15,0.08,8
1340000,0.1,0.21,0.1,0.07,0.05,0.43,0.07,0.17,0.08,8
1242000,0.1,0.22,0.1,0.07,0.05,0.38,0.05,0.14,0.08,8
1292000,0.1,0.22,0.1,0.08,0.05,0.43,0.07,0.14,0.08,8
1318000,0.1,0.25,0.1,0.07,0.05,0.35,0.06,0.14,0.08,8
1259000,0.1,0.21,0.1,0.07,0.05,0.43,0.06,0.16,0.08,8
1321000,0.1,0.25,0.09,0.07,0.05,0.37,0.06,0.14,0.08,8
1276000,0.1,0.24,0.09,0.07,0.05,0.46,0.07,0.14,0.08,8
1276000,0.1,0.24,0.1,0.07,0.05,0.39,0.05,0.17,0.08,8
1293000,0.1,0.19,0.09,0.07,0.05,0.36,0.05,0.15,0.08,8
1357000,0.1,0.21,0.09,0.07,0.05,0.37,0.05,0.17,0.08,8
1283000,0.1,0.19,0.09,0.07,0.05,0.43,0.06,0.15,0.08,8
1259000,0.1,0.21,0.11,0.06,0.05,0.37,0.06,0.13,0.08,8
1252000,0.1,0.23,0.11,0.07,0.05,0.36,0.06,0.16,0.08,8
1303000,0.1,0.22,0.1,0.07,0.05,0.42,0.07,0.13,0.08,8
1323000,0.1,0.21,0.1,0.07,0.05,0.42,0.05,0.16,0.08,8
1262000,0.1,0.23,0.11,0.07,0.05,0.45,0.06,0.14,0.08,8
1350000,0.1,0.24,0.1,0.07,0.05,0.4,0.05,0.13,0.08,8
1344000,0.1,0.22,0.09,0.08,0.05,0.46,0.06,0.17,0.08,8
1352000,0.1,0.21,0.1,0.07,0.05,0.35,0.06,0.14,0.08,8
1355000,0.1,0.21,0.1,0.07,0.05,0.36,0.06,0.15,0.08,8
1294000,0.1,0.25,0.1,0.07,0.05,0.46,0.06,0.16,0.08,8
1272000,0.1,0.24,0.09,0.07,0.05,0.35,0.06,0.14,0.08,8
1285000,0.1,0.21,0.09,0.07,0.05,0.38,0.06,0.15,0.08,8
1301000,0.1,0.2,0.11,0.08,0.05,0.34,0.06,0.14,0.08,8
1307000,0.1,0.22,0.1,0.07,0.05,0.43,0.07,0.14,0.08,8
1238000,0.1,0.23,0.09,0.07,0.05,0.35,0.06,0.14,0.08,8
1242000,0.1,0.21,0.09,0.07,0.05,0.4,0.06,0.14,0.08,8
1264000,0.1,0.19,0.11,0.07,0.05,0.36,0.07,0.15,0.08,8
1276000,0.1,0.23,0.1,0.07,0.05,0.42,0.06,0.14,0.08,8
1331000,0.1,0.23,0.11,0.07,0.05,0.45,0.05,0.17,0.08,8
1333000,0.1,0.21,0.11,0.07,0.05,0.35,0.07,0.17,0.08,8
1356000,0.1,0.2,0.1,0.08,0.05,0.4,0.07,0.16,0.08,8
1325000,0.1,0.25,0.09,0.07,0.05,0.39,0.05,0.16,0.08,8
1344000,0.1,0.21,0.11,0.07,0.05,0.37,0.07,0.14,0.08,8
1301000,0.1,0.25,0.1,0.07,0.05,0.37,0.05,0.13,0.08,8
1334000,0.1,0.21,0.09,0.07,0.05,0.43,0.06,0.14,0.08,8
1314000,0.1,0.23,0.1,0.07,0.05,0.43,0.07,0.15,0.08,8
1319000,0.1,0.21,0.1,0.07,0.05,0.4,0.06,0.15,0.08,8
1343000,0.1,0.2,0.1,0.07,0.05,0.37,0.06,0.16,0.08,8
1277000,0.1,0.21,0.1,0.07,0.05,0.4,0.05,0.17,0.08,8
1294000,0.1,0.24,0.1,0.06,0.05,0.45,0.07,0.16,0.08,8
1299000,0.1,0.23,0.09,0.07,0.05,0.38,0.06,0.13,0.08,8
1296000,0.1,0.23,0.1,0.07,0.05,0.35,0.06,0.15,0.08,8
1250000,0.1,0.23,0.1,0.08,0.05,0.35,0.05,0.17,0.08,8
1239000,0.1,0.23,0.1,0.07,0.05,0.43,0.05,0.16,0.08,8
1326000,0.1,0.21,0.11,0.07,0.05,0.46,0.07,0.15,0.08,8
1347000,0.1,0.2,0.1,0.06,0.05,0.41,0.06,0.16,0.08,8
1346000,0.1,0.19,0.09,0.08,0.05,0.36,0.05,0.15,0.08,8
1336000,0.1,0.21,0.1,0.07,0.05,0.35,0.07,0.15,0.08,8
1341000,0.1,0.24,0.1,0.07,0.05,0.42,0.06,0.13,0.08,8
1259000,0.1,0.19,0.09,0.07,0.05,0.38,0.07,0.17,0.08,8
1354000,0.1,0.22,0.1,0.07,0.05,0.37,0.06,0.14,0.08,8
1277000,0.1,0.19,0.09,0.07,0.05,0.35,0.06,0.13,0.08,8
1338000,0.1,0.22,0.11,0.06,0.05,0.44,0.07,0.14,0.08,8
1325000,0.1,0.23,0.11,0.07,0.05,0.39,0.06,0.13,0.08,8
1262000,0.1,0.24,0.1,0.07,0.05,0.4,0.05,0.14,0.08,8
1235000,0.1,0.25,0.1,0.07,0.05,0.45,0.06,0.15,0.08,8
1326000,0.1,0.21,0.1,0.07,0.05,0.35,0.07,0.17,0.08,8
1258000,0.1,0.24,0.1,0.07,0.05,0.42,0.06,0.15,0.08,8
1356000,0.1,0.23,0.11,0.07,0.05,0.41,0.05,0.13,0.08,8
1267000,0.1,0.25,0.09,0.08,0.05,0.41,0.06,0.13,0.08,8
1305000,0.1,0.23,0.09,0.06,0.05,0.46,0.06,0.17,0.08,8
1323000,0.1,0.24,0.1,0.07,0.05,0.44,0.06,0.14,0.08,8
1264000,0.1,0.23,0.1,0.07,0.05,0.44,0.05,0.17,0.08,8
1327000,0.1,0.24,0.1,0.07,0.05,0.43,0.07,0.17,0.08,8
1289000,0.1,0.25,0.1,0.07,0.05,0.37,0.06,0.13,0.08,8
1351000,0.1,0.24,0.1,0.06,0.05,0.43,0.06,0.13,0.08,8
1313000,0.1,0.2,0.1,0.07,0.05,0.35,0.06,0.16,0.08,8
1239000,0.1,0.23,0.1,0.07,0.05,0.45,0.05,0.15,0.08,8
1289000,0.1,0.2,0.1,0.07,0.05,0.45,0.07,0.14,0.08,8
1295000,0.1,0.2,0.09,0.07,0.05,0.42,0.05,0.15,0.08,8
1281000,0.1,0.23,0.11,0.07,0.05,0.4,0.05,0.13,0.08,8
1335000,0.1,0.25,0.09,0.07,0.05,0.42,0.06,0.17,0.08,8
1358000,0.1,0.24,0.11,0.07,0.05,0.43,0.06,0.16,0.08,8
1346000,0.1,0.24,0.1,0.06,0.05,0.45,0.06,0.16,0.08,8
1296000,0.1,0.2,0.1,0.07,0.05,0.37,0.07,0.17,0.08,8
1249000,0.1,0.25,0.1,0.07,0.05,0.4,0.07,0.17,0.08,8
1259000,0.1,0.2,0.11,0.08,0.05,0.45,0.06,0.14,0.08,8
1287000,0.1,0.24,0.09,0.07,0.05,0.44,0.05,0.14,0.08,8
1291000,0.1,0.22,0.1,0.07,0.05,0.43,0.06,0.14,0.08,8
1270000,0.1,0.21,0.1,0.07,0.05,0.39,0.07,0.14,0.08,8
1266000,0.1,0.24,0.1,0.07,0.05,0.44,0.06,0.17,0.08,8
1280000,0.1,0.24,0.11,0.07,0.05,0.37,0.05,0.13,0.08,8
1245000,0.1,0.19,0.11,0.07,0.05,0.4,0.06,0.15,0.08,8
1306000,0.1,0.24,0.11,0.08,0.05,0.41,0.06,0.15,0.08,8
1271000,0.1,0.25,0.1,0.07,0.05,0.41,0.05,0.14,0.08,8
1265000,0.1,0.24,0.09,0.07,0.05,0.45,0.05,0.16,0.08,8
1327000,0.1,0.25,0.1,0.07,0.05,0.42,0.06,0.16,0.08,8
1344000,0.1,0.23,0.11,0.07,0.05,0.36,0.05,0.13,0.08,8
1335000,0.1,0.19,0.11,0.07,0.05,0.45,0.06,0.17,0.08,8
1308000,0.1,0.23,0.09,0.07,0.05,0.35,0.06,0.15,0.08,8
1281000,0.1,0.21,0.09,0.07,0.05,0.43,0.06,0.16,0.08,8
1301000,0.1,0.21,0.11,0.07,0.05,0.41,0.05,0.14,0.08,8
1297000,0.1,0.23,0.11,0.07,0.05,0.4,0.07,0.16,0.08,8
1297000,0.1,0.21,0.1,0.07,0.05,0.45,0.06,0.16,0.08,8
1307000,0.1,0.22,0.1,0.07,0.05,0.4,0.07,0.16,0.08,8
1323000,0.1,0.2,0.1,0.08,0.05,0.35,0.06,0.17,0.08,8
1279000,0.1,0.23,0.09,0.07,0.05,0.38,0.06,0.17,0.08,8
1253000,0.1,0.24,0.09,0.06,0.05,0.39,0.06,0.15,0.08,8
1256000,0.1,0.24,0.1,0.07,0.05,0.36,0.07,0.13,0.08,8
1307000,0.1,0.2,0.11,0.07,0.05,0.44,0.06,0.16,0.08,8
1291000,0.1,0.23,0.11,0.07,0.05,0.45,0.07,0.16,0.08,8
1316000,0.1,0.2,0.09,0.08,0.05,0.34,0.06,0.17,0.08,8
1325000,0.1,0.2,0.09,0.08,0.05,0.34,0.07,0.17,0.08,8
1318000,0.1,0.2,0.1,0.08,0.05,0.45,0.06,0.15,0.08,8
1237000,0.1,0.2,0.11,0.07,0.05,0.41,0.05,0.16,0.08,8
1252000,0.1,0.19,0.1,0.06,0.05,0.36,0.06,0.15,0.08,8
1350000,0.1,0.19,0.09,0.08,0.05,0.38,0.06,0.17,0.08,8
1284000,0.1,0.23,0.11,0.06,0.05,0.45,0.06,0.14,0.08,8
1240000,0.1,0.24,0.09,0.07,0.05,0.41,0.05,0.14,0.08,8
1349000,0.1,0.23,0.1,0.07,0.05,0.41,0.05,0.16,0.08,8
1251000,0.1,0.21,0.09,0.07,0.05,0.37,0.06,0.16,0.08,8
1282000,0.1,0.2,0.1,0.07,0.05,0.37,0.06,0.14,0.08,8
1267000,0.1,0.24,0.1,0.07,0.05,0.41,0.07,0.13,0.08,8
1332000,0.1,0.23,0.1,0.07,0.05,0.35,0.07,0.16,0.08,8
1300000,0.1,0.21,0.09,0.07,0.05,0.45,0.07,0.17,0.08,8
1341000,0.1,0.21,0.1,0.07,0.05,0.39,0.06,0.16,0.08,8
1265000,0.1,0.22,0.1,0.06,0.05,0.4,0.06,0.13,0.08,8
1331000,0.1,0.24,0.1,0.06,0.05,0.41,0.06,0.17,0.08,8
1334000,0.1,0.23,0.09,0.07,0.05,0.45,0.06,0.14,0.08,8
1344000,0.1,0.23,0.1,0.07,0.05,0.4,0.06,0.17,0.08,8
1363000,0.1,0.23,0.11,0.07,0.05,0.4,0.05,0.14,0.08,8
1256000,0.1,0.23,0.11,0.07,0.05,0.35,0.06,0.14,0.08,8
1311000,0.1,0.19,0.09,0.07,0.05,0.37,0.06,0.15,0.08,8
1290000,0.1,0.2,0.09,0.07,0.05,0.39,0.05,0.13,0.08,8
1268000,0.1,0.2,0.1,0.08,0.05,0.38,0.06,0.15,0.08,8
1240000,0.1,0.22,0.1,0.08,0.05,0.34,0.06,0.17,0.08,8
1345000,0.1,0.21,0.09,0.07,0.05,0.36,0.06,0.13,0.08,8
1329000,0.1,0.25,0.1,0.07,0.05,0.34,0.05,0.14,0.08,8
1360000,0.1,0.24,0.1,0.07,0.05,0.43,0.07,0.13,0.08,8
1314000,0.1,0.24,0.1,0.06,0.05,0.42,0.06,0.14,0.08,8
1240000,0.1,0.22,0.1,0.07,0.05,0.35,0.07,0.15,0.08,8
1262000,0.1,0.2,0.09,0.07,0.05,0.38,0.07,0.17,0.08,8
1273000,0.1,0.21,0.1,0.07,0.05,0.35,0.06,0.14,0.08,8
1351000,0.1,0.19,0.1,0.07,0.05,0.4,0.05,0.13,0.08,8
1349000,0.1,0.21,0.1,0.07,0.05,0.35,0.06,0.17,0.08,8
1291000,0.1,0.2,0.11,0.08,0.05,0.4,0.07,0.16,0.08,8
1357000,0.1,0.24,0.1,0.06,0.05,0.4,0.07,0.15,0.08,8
1336000,0.1,0.2,0.11,0.06,0.05,0.44,0.06,0.13,0.08,8
1296000,0.1,0.2,0.1,0.06,0.05,0.44,0.07,0.14,0.08,8
1241000,0.1,0.19,0.1,0.07,0.05,0.4,0.06,0.17,0.08,8
1310000,0.1,0.25,0.1,0.07,0.05,0.41,0.07,0.15,0.08,8
1363000,0.1,0.22,0.09,0.07,0.05,0.43,0.06,0.14,0.08,8
1339000,0.1,0.23,0.1,0.07,0.05,0.42,0.07,0.14,0.08,8
1280000,0.1,0.24,0.11,0.07,0.05,0.41,0.06,0.17,0.08,8
1312000,0.1,0.21,0.11,0.08,0.05,0.41,0.05,0.17,0.08,8
1251000,0.1,0.24,0.1,0.07,0.05,0.37,0.07,0.15,0.08,8
1252000,0.1,0.23,0.1,0.07,0.05,0.43,0.06,0.16,0.08,8
1330000,0.1,0.2,0.1,0.08,0.05,0.43,0.06,0.14,0.08,8
1255000,0.1,0.25,0.11,0.07,0.05,0.4,0.06,0.16,0.08,8
1248000,0.1,0.2,0.1,0.08,0.05,0.41,0.07,0.14,0.08,8
1312000,0.1,0.19,0.11,0.06,0.05,0.35,0.06,0.16,0.08,8
1302000,0.1,0.21,0.1,0.07,0.05,0.37,0.05,0.17,0.08,8
1278000,0.1,0.21,0.11,0.06,0.05,0.44,0.07,0.16,0.08,8
1346000,0.1,0.19,0.11,0.07,0.05,0.34,0.05,0.16,0.08,8
1236000,0.1,0.21,0.1,0.07,0.05,0.35,0.06,0.13,0.08,8
1279000,0.1,0.23,0.09,0.07,0.05,0.36,0.06,0.16,0.08,8
1345000,0.1,0.2,0.1,0.07,0.05,0.37,0.07,0.17,0.08,8
1241000,0.1,0.19,0.1,0.06,0.05,0.45,0.06,0.17,0.08,8
1246000,0.1,0.19,0.11,0.06,0.05,0.46,0.07,0.13,0.08,8
1278000,0.1,0.25,0.1,0.07,0.05,0.46,0.06,0.15,0.08,8
1305000,0.1,0.24,0.11,0.07,0.05,0.45,0.06,0.17,0.08,8
1356000,0.03,0.13,0.06,0.03,0.43,0.05,0.02,0.03,0.01,7
1292000,0.03,0.16,0.06,0.03,0.41,0.04,0.02,0.03,0.01,7
1316000,0.03,0.17,0.06,0.03,0.43,0.05,0.02,0.03,0.01,7
1281000,0.03,0.16,0.07,0.03,0.43,0.05,0.02,0.03,0.01,7
1338000,0.03,0.14,0.06,0.03,0.43,0.05,0.02,0.03,0.01,7
1310000,0.03,0.16,0.06,0.03,0.42,0.05,0.02,0.03,0.01,7
1334000,0.03,0.14,0.07,0.03,0.43,0.05,0.02,0.03,0.01,7
1359000,0.03,0.15,0.06,0.03,0.41,0.04,0.02,0.03,0.01,7
1286000,0.03,0.16,0.06,0.03,0.42,0.05,0.02,0.03,0.01,7
1265000,0.03,0.15,0.06,0.03,0.43,0.05,0.02,0.03,0.01,7
1263000,0.03,0.14,0.06,0.03,0.42,0.04,0.02,0.03,0.01,7
1270000,0.03,0.17,0.06,0.03,0.42,0.06,0.02,0.03,0.01,7
1325000,0.03,0.16,0.05,0.03,0.42,0.05,0.02,0.03,0.01,7
1315000,0.03,0.15,0.06,0.03,0.42,0.05,0.02,0.03,0.01,7
1305000,0.03,0.14,0.06,0.03,0.43,0.05,0.02,0.03,0.01,7
1259000,0.03,0.15,0.06,0.03,0.41,0.04,0.02,0.03,0.01,7
1322000,0.03,0.16,0.06,0.03,0.41,0.05,0.02,0.03,0.01,7
1272000,0.03,0.15,0.07,0.03,0.43,0.05,0.02,0.03,0.01,7
1296000,0.03,0.15,0.06,0.03,0.41,0.04,0.02,0.03,0.01,7
1312000,0.03,0.15,0.06,0.03,0.43,0.05,0.02,0.03,0.01,7
1281000,0.03,0.17,0.06,0.03,0.42,0.06,0.02,0.03,0.01,7
1277000,0.03,0.14,0.06,0.03,0.43,0.06,0.02,0.03,0.01,7
1346000,0.03,0.14,0.06,0.03,0.41,0.05,0.02,0.03,0.01,7
1248000,0.03,0.13,0.06,0.03,0.43,0.04,0.02,0.03,0.01,7
1243000,0.03,0.17,0.07,0.03,0.43,0.06,0.02,0.03,0.01,7
1254000,0.03,0.16,0.06,0.03,0.41,0.05,0.02,0.03,0.01,7
1277000,0.03,0.16,0.06,0.03,0.42,0.05,0.02,0.03,0.01,7
1318000,0.03,0.17,0.06,0.03,0.42,0.05,0.02,0.03,0.01,7
1276000,0.03,0.14,0.06,0.03,0.42,0.05,0.02,0.03,0.01,7
1252000,0.03,0.16,0.06,0.03,0.42,0.05,0.02,0.03,0.01,7
1348000,0.03,0.16,0.06,0.03,0.42,0.05,0.02,0.03,0.01,7
1300000,0.03,0.14,0.06,0.03,0.41,0.05,0.02,0.03,0.01,7
1252000,0.03,0.13,0.06,0.03,0.41,0.04,0.02,0.03,0.01,7
1281000,0.03,0.15,0.07,0.03,0.42,0.05,0.02,0.03,0.01,7
1335000,0.03,0.16,0.05,0.03,0.43,0.05,0.02,0.03,0.01,7
1330000,0.03,0.17,0.07,0.03,0.41,0.05,0.02,0.03,0.01,7
1317000,0.03,0.14,0.06,0.03,0.42,0.06,0.02,0.03,0.01,7
1297000,0.03,0.13,0.06,0.03,0.43,0.05,0.02,0.03,0.01,7
1288000,0.03,0.13,0.06,0.03,0.43,0.06,0.02,0.03,0.01,7
1334000,0.03,0.15,0.06,0.03,0.42,0.05,0.02,0.03,0.01,7
1355000,0.03,0.16,0.06,0.03,0.42,0.05,0.02,0.03,0.01,7
1346000,0.03,0.17,0.06,0.03,0.42,0.05,0.02,0.03,0.01,7
1286000,0.03,0.14,0.05,0.03,0.42,0.05,0.02,0.03,0.01,7
1331000,0.03,0.14,0.07,0.03,0.43,0.05,0.02,0.03,0.01,7
1320000,0.03,0.15,0.06,0.03,0.42,0.04,0.02,0.03,0.01,7
1337000,0.03,0.13,0.06,0.03,0.41,0.05,0.02,0.03,0.01,7
1272000,0.03,0.16,0.06,0.03,0.42,0.05,0.02,0.03,0.01,7
1319000,0.03,0.16,0.06,0.03,0.41,0.05,0.02,0.03,0.01,7
1323000,0.03,0.16,0.06,0.03,0.42,0.05,0.02,0.03,0.01,7
1310000,0.03,0.17,0.07,0.03,0.43,0.05,0.02,0.03,0.01,7
1235000,0.03,0.13,0.06,0.03,0.42,0.06,0.02,0.03,0.01,7
1352000,0.03,0.13,0.06,0.03,0.43,0.05,0.02,0.03,0.01,7
1284000,0.03,0.13,0.06,0.03,0.41,0.05,0.02,0.03,0.01,7
1243000,0.03,0.16,0.06,0.03,0.43,0.05,0.02,0.03,0.01,7
1348000,0.03,0.15,0.06,0.03,0.43,0.05,0.02,0.03,0.01,7
1344000,0.03,0.14,0.06,0.03,0.42,0.05,0.02,0.03,0.01,7
1274000,0.03,0.16,0.06,0.03,0.43,0.05,0.02,0.03,0.01,7
1259000,0.03,0.16,0.06,0.03,0.42,0.05,0.02,0.03,0.01,7
1328000,0.03,0.16,0.06,0.03,0.41,0.05,0.02,0.03,0.01,7
1304000,0.03,0.14,0.06,0.03,0.43,0.05,0.02,0.03,0.01,7
1346000,0.03,0.15,0.06,0.03,0.42,0.06,0.02,0.03,0.01,7
1365000,0.03,0.13,0.05,0.03,0.41,0.05,0.02,0.03,0.01,7
1286000,0.03,0.13,0.06,0.03,0.42,0.04,0.02,0.03,0.01,7
1277000,0.03,0.15,0.06,0.03,0.42,0.04,0.02,0.03,0.01,7
1279000,0.03,0.17,0.06,0.03,0.42,0.05,0.02,0.03,0.01,7
1291000,0.03,0.14,0.06,0.03,0.42,0.05,0.02,0.03,0.01,7
1359000,0.03,0.17,0.06,0.03,0.41,0.05,0.02,0.03,0.01,7
1236000,0.03,0.14,0.06,0.03,0.43,0.05,0.02,0.03,0.01,7
1269000,0.03,0.15,0.06,0.03,0.42,0.05,0.02,0.03,0.01,7
1246000,0.03,0.15,0.06,0.03,0.42,0.06,0.02,0.03,0.01,7
1338000,0.03,0.13,0.06,0.03,0.42,0.05,0.02,0.03,0.01,7
1353000,0.03,0.15,0.07,0.03,0.41,0.05,0.02,0.03,0.01,7
1293000,0.03,0.16,0.06,0.03,0.42,0.04,0.02,0.03,0.01,7
1266000,0.03,0.14,0.06,0.03,0.41,0.05,0.02,0.03,0.01,7
1239000,0.03,0.14,0.06,0.03,0.42,0.05,0.02,0.03,0.01,7
1273000,0.03,0.16,0.06,0.03,0.41,0.04,0.02,0.03,0.01,7
1363000,0.03,0.13,0.06,0.03,0.42,0.05,0.02,0.03,0.01,7
1330000,0.03,0.15,0.06,0.03,0.42,0.04,0.02,0.03,0.01,7
1285000,0.03,0.17,0.06,0.03,0.41,0.05,0.02,0.03,0.01,7
1253000,0.03,0.15,0.06,0.03,0.41,0.06,0.02,0.03,0.01,7
1330000,0.03,0.16,0.06,0.03,0.42,0.04,0.02,0.03,0.01,7
1309000,0.03,0.15,0.06,0.03,0.43,0.06,0.02,0.03,0.01,7
1353000,0.03,0.13,0.06,0.03,0.42,0.05,0.02,0.03,0.01,7
1357000,0.03,0.15,0.06,0.03,0.41,0.06,0.02,0.03,0.01,7
1343000,0.03,0.14,0.06,0.03,0.42,0.04,0.02,0.03,0.01,7
1305000,0.03,0.13,0.06,0.03,0.43,0.05,0.02,0.03,0.01,7
1252000,0.03,0.16,0.06,0.03,0.41,0.05,0.02,0.03,0.01,7
1261000,0.03,0.14,0.06,0.03,0.42,0.05,0.02,0.03,0.01,7
1242000,0.03,0.14,0.06,0.03,0.42,0.06,0.02,0.03,0.01,7
1261000,0.03,0.13,0.06,0.03,0.42,0.04,0.02,0.03,0.01,7
1300000,0.03,0.14,0.06,0.03,0.43,0.05,0.02,0.03,0.01,7
1283000,0.03,0.15,0.06,0.03,0.41,0.05,0.02,0.03,0.01,7
1361000,0.03,0.13,0.06,0.03,0.43,0.05,0.02,0.03,0.01,7
1282000,0.03,0.17,0.06,0.03,0.43,0.06,0.02,0.03,0.01,7
1239000,0.03,0.15,0.07,0.03,0.42,0.05,0.02,0.03,0.01,7
1325000,0.03,0.16,0.06,0.03,0.43,0.06,0.02,0.03,0.01,7
1248000,0.03,0.13,0.06,0.03,0.42,0.05,0.02,0.03,0.01,7
1253000,0.03,0.13,0.06,0.03,0.41,0.06,0.02,0.03,0.01,7
1265000,0.03,0.15,0.06,0.03,0.42,0.06,0.02,0.03,0.01,7
1285000,0.03,0.14,0.06,0.03,0.43,0.05,0.02,0.03,0.01,7
1332000,0.03,0.13,0.06,0.03,0.41,0.05,0.02,0.03,0.01,7
1330000,0.03,0.17,0.05,0.03,0.42,0.05,0.02,0.03,0.01,7
1358000,0.03,0.14,0.07,0.03,0.42,0.05,0.02,0.03,0.01,7
1305000,0.03,0.13,0.06,0.03,0.42,0.05,0.02,0.03,0.01,7
1267000,0.03,0.13,0.06,0.03,0.43,0.05,0.02,0.03,0.01,7
1239000,0.03,0.14,0.06,0.03,0.42,0.06,0.02,0.03,0.01,7
1308000,0.03,0.14,0.06,0.03,0.41,0.05,0.02,0.03,0.01,7
1255000,0.03,0.15,0.06,0.03,0.42,0.05,0.02,0.03,0.01,7
1292000,0.03,0.14,0.06,0.03,0.42,0.05,0.02,0.03,0.01,7
1237000,0.03,0.15,0.06,0.03,0.43,0.05,0.02,0.03,0.01,7
1238000,0.03,0.16,0.06,0.03,0.41,0.05,0.02,0.03,0.01,7
1327000,0.03,0.17,0.06,0.03,0.41,0.05,0.02,0.03,0.01,7
1275000,0.03,0.17,0.06,0.03,0.43,0.05,0.02,0.03,0.01,7
1270000,0.03,0.15,0.06,0.03,0.41,0.05,0.02,0.03,0.01,7
1340000,0.03,0.15,0.06,0.03,0.43,0.05,0.02,0.03,0.01,7
1306000,0.03,0.17,0.06,0.03,0.42,0.05,0.02,0.03,0.01,7
1270000,0.03,0.14,0.06,0.03,0.41,0.05,0.02,0.03,0.01,7
1352000,0.03,0.15,0.06,0.03,0.42,0.04,0.02,0.03,0.01,7
1240000,0.03,0.15,0.06,0.03,0.42,0.05,0.02,0.03,0.01,7
1279000,0.03,0.14,0.05,0.03,0.43,0.05,0.02,0.03,0.01,7
1282000,0.03,0.15,0.06,0.03,0.42,0.06,0.02,0.03,0.01,7
1299000,0.03,0.14,0.05,0.03,0.41,0.04,0.02,0.03,0.01,7
1242000,0.03,0.13,0.07,0.03,0.42,0.05,0.02,0.03,0.01,7
1261000,0.03,0.13,0.06,0.03,0.43,0.05,0.02,0.03,0.01,7
1266000,0.03,0.14,0.05,0.03,0.41,0.05,0.02,0.03,0.01,7
1305000,0.03,0.17,0.05,0.03,0.43,0.06,0.02,0.03,0.01,7
1356000,0.03,0.14,0.06,0.03,0.41,0.05,0.02,0.03,0.01,7
1277000,0.03,0.13,0.06,0.03,0.41,0.06,0.02,0.03,0.01,7
1332000,0.03,0.15,0.06,0.03,0.41,0.04,0.02,0.03,0.01,7
1308000,0.03,0.15,0.06,0.03,0.42,0.04,0.02,0.03,0.01,7
1334000,0.03,0.17,0.06,0.03,0.41,0.05,0.02,0.03,0.01,7
1344000,0.03,0.14,0.06,0.03,0.42,0.05,0.02,0.03,0.01,7
1272000,0.03,0.15,0.06,0.03,0.42,0.05,0.02,0.03,0.01,7
1238000,0.03,0.14,0.06,0.03,0.42,0.05,0.02,0.03,0.01,7
1323000,0.03,0.16,0.06,0.03,0.41,0.06,0.02,0.03,0.01,7
1318000,0.03,0.13,0.06,0.03,0.42,0.04,0.02,0.03,0.01,7
1265000,0.03,0.16,0.07,0.03,0.41,0.05,0.02,0.03,0.01,7
1331000,0.03,0.15,0.07,0.03,0.42,0.05,0.02,0.03,0.01,7
1277000,0.03,0.13,0.05,0.03,0.42,0.04,0.02,0.03,0.01,7
1292000,0.03,0.15,0.06,0.03,0.41,0.04,0.02,0.03,0.01,7
1260000,0.03,0.15,0.06,0.03,0.43,0.05,0.02,0.03,0.01,7
1267000,0.03,0.15,0.05,0.03,0.43,0.04,0.02,0.03,0.01,7
1320000,0.03,0.15,0.05,0.03,0.43,0.04,0.02,0.03,0.01,7
1242000,0.03,0.13,0.06,0.03,0.42,0.05,0.02,0.03,0.01,7
1242000,0.03,0.14,0.05,0.03,0.43,0.04,0.02,0.03,0.01,7
1250000,0.03,0.14,0.07,0.03,0.42,0.05,0.02,0.03,0.01,7
1239000,0.03,0.13,0.06,0.03,0.43,0.04,0.02,0.03,0.01,7
1350000,0.03,0.16,0.05,0.03,0.41,0.06,0.02,0.03,0.01,7
1281000,0.03,0.13,0.06,0.03,0.42,0.05,0.02,0.03,0.01,7
1247000,0.03,0.16,0.06,0.03,0.41,0.04,0.02,0.03,0.01,7
1331000,0.03,0.14,0.06,0.03,0.41,0.05,0.02,0.03,0.01,7
1276000,0.03,0.14,0.06,0.03,0.41,0.05,0.02,0.03,0.01,7
1281000,0.03,0.16,0.06,0.03,0.41,0.06,0.02,0.03,0.01,7
1242000,0.03,0.14,0.06,0.03,0.42,0.05,0.02,0.03,0.01,7
1319000,0.03,0.15,0.05,0.03,0.42,0.05,0.02,0.03,0.01,7
1255000,0.03,0.16,0.06,0.03,0.41,0.05,0.02,0.03,0.01,7
1311000,0.03,0.14,0.06,0.03,0.42,0.05,0.02,0.03,0.01,7
1348000,0.03,0.16,0.06,0.03,0.42,0.05,0.02,0.03,0.01,7
1243000,0.03,0.17,0.06,0.03,0.42,0.05,0.02,0.03,0.01,7
1280000,0.03,0.16,0.06,0.03,0.42,0.04,0.02,0.03,0.01,7
1315000,0.03,0.14,0.07,0.03,0.43,0.05,0.02,0.03,0.01,7
1236000,0.03,0.14,0.06,0.03,0.42,0.05,0.02,0.03,0.01,7
1310000,0.03,0.13,0.06,0.03,0.43,0.05,0.02,0.03,0.01,7
1354000,0.03,0.14,0.05,0.03,0.42,0.04,0.02,0.03,0.01,7
1255000,0.03,0.14,0.05,0.03,0.43,0.04,0.02,0.03,0.01,7
1352000,0.03,0.16,0.07,0.03,0.43,0.05,0.02,0.03,0.01,7
1287000,0.03,0.16,0.06,0.03,0.42,0.06,0.02,0.03,0.01,7
1300000,0.03,0.13,0.06,0.03,0.42,0.05,0.02,0.03,0.01,7
1315000,0.03,0.15,0.06,0.03,0.43,0.05,0.02,0.03,0.01,7
1355000,0.03,0.14,0.06,0.03,0.43,0.04,0.02,0.03,0.01,7
1258000,0.03,0.15,0.05,0.03,0.42,0.05,0.02,0.03,0.01,7
1289000,0.03,0.16,0.07,0.03,0.42,0.05,0.02,0.03,0.01,7
1299000,0.03,0.13,0.06,0.03,0.43,0.06,0.02,0.03,0.01,7
1304000,0.03,0.16,0.06,0.03,0.42,0.05,0.02,0.03,0.01,7
1250000,0.03,0.16,0.06,0.03,0.41,0.04,0.02,0.03,0.01,7
1240000,0.03,0.17,0.06,0.03,0.41,0.05,0.02,0.03,0.01,7
1272000,0.03,0.17,0.06,0.03,0.42,0.05,0.02,0.03,0.01,7
1295000,0.03,0.13,0.07,0.03,0.42,0.05,0.02,0.03,0.01,7
1262000,0.03,0.17,0.06,0.03,0.42,0.06,0.02,0.03,0.01,7
1353000,0.03,0.15,0.06,0.03,0.42,0.05,0.02,0.03,0.01,7
1325000,0.03,0.14,0.06,0.03,0.43,0.04,0.02,0.03,0.01,7
1344000,0.03,0.15,0.06,0.03,0.43,0.05,0.02,0.03,0.01,7
1315000,0.03,0.15,0.06,0.03,0.43,0.05,0.02,0.03,0.01,7
1264000,0.03,0.17,0.06,0.03,0.41,0.05,0.02,0.03,0.01,7
1358000,0.03,0.17,0.06,0.03,0.43,0.05,0.02,0.03,0.01,7
1266000,0.03,0.14,0.06,0.03,0.41,0.05,0.02,0.03,0.01,7
1303000,0.03,0.13,0.06,0.03,0.42,0.05,0.02,0.03,0.01,7
1240000,0.03,0.14,0.06,0.03,0.43,0.05,0.02,0.03,0.01,7
1351000,0.03,0.16,0.06,0.03,0.41,0.05,0.02,0.03,0.01,7
1339000,0.03,0.17,0.06,0.03,0.43,0.05,0.02,0.03,0.01,7
1343000,0.03,0.14,0.06,0.03,0.43,0.05,0.02,0.03,0.01,7
1274000,0.03,0.13,0.06,0.03,0.41,0.05,0.02,0.03,0.01,7
1313000,0.03,0.13,0.05,0.03,0.43,0.05,0.02,0.03,0.01,7
1323000,0.03,0.15,0.06,0.03,0.41,0.05,0.02,0.03,0.01,7
1362000,0.03,0.16,0.06,0.03,0.43,0.04,0.02,0.03,0.01,7
1363000,0.03,0.13,0.06,0.03,0.41,0.05,0.02,0.03,0.01,7
1334000,0.03,0.14,0.07,0.03,0.41,0.04,0.02,0.03,0.01,7
1238000,0.03,0.16,0.06,0.03,0.42,0.04,0.02,0.03,0.01,7
1359000,0.03,0.17,0.06,0.03,0.41,0.05,0.02,0.03,0.01,7
1235000,0.03,0.16,0.06,0.03,0.42,0.05,0.02,0.03,0.01,7
1297000,0.05,0.21,0.1,0.07,0.05,0.08,0.34,0.08,0.08,3
1363000,0.05,0.21,0.1,0.07,0.05,0.08,0.26,0.07,0.08,3
1238000,0.05,0.22,0.1,0.07,0.05,0.1,0.26,0.06,0.08,3
1301000,0.05,0.21,0.1,0.07,0.05,0.09,0.27,0.08,0.08,3
1251000,0.05,0.2,0.11,0.07,0.05,0.1,0.26,0.07,0.08,3
1342000,0.05,0.2,0.1,0.07,0.05,0.08,0.31,0.08,0.08,3
1333000,0.05,0.19,0.1,0.08,0.05,0.09,0.31,0.08,0.08,3
1278000,0.05,0.22,0.1,0.07,0.05,0.09,0.31,0.08,0.08,3
1273000,0.05,0.25,0.11,0.07,0.05,0.08,0.27,0.06,0.08,3
1342000,0.05,0.25,0.1,0.06,0.05,0.1,0.27,0.07,0.08,3
1268000,0.05,0.23,0.11,0.07,0.05,0.09,0.28,0.07,0.08,3
1361000,0.05,0.2,0.1,0.07,0.05,0.08,0.26,0.07,0.08,3
1271000,0.05,0.25,0.11,0.07,0.05,0.09,0.34,0.07,0.08,3
1249000,0.05,0.21,0.1,0.06,0.05,0.1,0.27,0.06,0.08,3
1292000,0.05,0.19,0.11,0.07,0.05,0.09,0.28,0.08,0.08,3
1284000,0.05,0.24,0.1,0.07,0.05,0.09,0.34,0.07,0.08,3
1300000,0.05,0.21,0.1,0.06,0.05,0.08,0.27,0.08,0.08,3
1350000,0.05,0.2,0.1,0.07,0.05,0.09,0.27,0.07,0.08,3
1306000,0.05,0.19,0.11,0.07,0.05,0.09,0.32,0.06,0.08,3
1288000,0.05,0.23,0.11,0.07,0.05,0.1,0.33,0.07,0.08,3
1306000,0.05,0.24,0.09,0.08,0.05,0.09,0.32,0.08,0.08,3
1296000,0.05,0.2,0.1,0.07,0.05,0.08,0.27,0.08,0.08,3
1336000,0.05,0.21,0.1,0.07,0.05,0.09,0.3,0.08,0.08,3
1303000,0.05,0.2,0.1,0.08,0.05,0.1,0.27,0.08,0.08,3
1282000,0.05,0.21,0.11,0.08,0.05,0.09,0.28,0.06,0.08,3
1335000,0.05,0.19,0.1,0.06,0.05,0.1,0.32,0.07,0.08,3
1309000,0.05,0.25,0.11,0.06,0.05,0.08,0.33,0.07,0.08,3
1308000,0.05,0.23,0.1,0.07,0.05,0.08,0.26,0.06,0.08,3
1235000,0.05,0.23,0.1,0.07,0.05,0.09,0.33,0.06,0.08,3
1341000,0.05,0.24,0.11,0.08,0.05,0.09,0.32,0.08,0.08,3
1271000,0.05,0.24,0.1,0.07,0.05,0.09,0.33,0.06,0.08,3
1338000,0.05,0.23,0.1,0.07,0.05,0.09,0.28,0.08,0.08,3
1342000,0.05,0.25,0.1,0.07,0.05,0.09,0.28,0.08,0.08,3
1267000,0.05,0.2,0.1,0.07,0.05,0.1,0.29,0.06,0.08,3
1294000,0.05,0.2,0.11,0.07,0.05,0.1,0.26,0.08,0.08,3
1300000,0.05,0.21,0.09,0.07,0.05,0.1,0.33,0.07,0.08,3
1305000,0.05,0.21,0.11,0.07,0.05,0.08,0.28,0.07,0.08,3
1353000,0.05,0.21,0.11,0.07,0.05,0.09,0.28,0.08,0.08,3
1286000,0.05,0.23,0.09,0.07,0.05,0.1,0.3,0.07,0.08,3
1356000,0.05,0.19,0.09,0.08,0.05,0.09,0.32,0.08,0.08,3
1267000,0.05,0.25,0.1,0.06,0.05,0.1,0.28,0.07,0.08,3
1342000,0.05,0.23,0.1,0.07,0.05,0.1,0.33,0.08,0.08,3
1351000,0.05,0.25,0.1,0.08,0.05,0.1,0.28,0.06,0.08,3
1316000,0.05,0.24,0.09,0.07,0.05,0.1,0.33,0.08,0.08,3
1314000,0.05,0.24,0.1,0.07,0.05,0.09,0.32,0.06,0.08,3
1306000,0.05,0.2,0.1,0.06,0.05,0.1,0.28,0.07,0.08,3
1256000,0.05,0.24,0.1,0.08,0.05,0.1,0.26,0.07,0.08,3
1353000,0.05,0.25,0.1,0.06,0.05,0.08,0.3,0.06,0.08,3
1324000,0.05,0.21,0.11,0.06,0.05,0.1,0.26,0.07,0.08,3
1282000,0.05,0.2,0.1,0.07,0.05,0.08,0.28,0.06,0.08,3
1280000,0.05,0.25,0.1,0.07,0.05,0.1,0.28,0.06,0.08,3
1298000,0.05,0.19,0.09,0.07,0.05,0.08,0.3,0.06,0.08,3
1295000,0.05,0.25,0.09,0.07,0.05,0.08,0.3,0.07,0.08,3
1272000,0.05,0.2,0.1,0.07,0.05,0.08,0.31,0.06,0.08,3
1251000,0.05,0.19,0.1,0.07,0.05,0.09,0.31,0.07,0.08,3
1329000,0.05,0.24,0.11,0.07,0.05,0.1,0.33,0.07,0.08,3
1294000,0.05,0.25,0.1,0.07,0.05,0.08,0.26,0.08,0.08,3
1348000,0.05,0.25,0.11,0.07,0.05,0.1,0.26,0.08,0.08,3
1301000,0.05,0.25,0.09,0.07,0.05,0.08,0.26,0.07,0.08,3
1334000,0.05,0.2,0.11,0.07,0.05,0.09,0.28,0.07,0.08,3
1361000,0.05,0.25,0.11,0.07,0.05,0.09,0.32,0.07,0.08,3
1256000,0.05,0.22,0.09,0.07,0.05,0.1,0.28,0.08,0.08,3
1247000,0.05,0.23,0.1,0.08,0.05,0.08,0.31,0.07,0.08,3
1274000,0.05,0.19,0.09,0.07,0.05,0.1,0.34,0.07,0.08,3
1248000,0.05,0.2,0.11,0.07,0.05,0.09,0.26,0.07,0.08,3
1281000,0.05,0.21,0.1,0.07,0.05,0.1,0.33,0.06,0.08,3
1333000,0.05,0.23,0.11,0.06,0.05,0.1,0.26,0.07,0.08,3
1280000,0.05,0.19,0.1,0.07,0.05,0.09,0.31,0.08,0.08,3
1279000,0.05,0.25,0.1,0.07,0.05,0.1,0.3,0.07,0.08,3
1271000,0.05,0.21,0.1,0.07,0.05,0.1,0.28,0.07,0.08,3
1352000,0.05,0.21,0.11,0.07,0.05,0.08,0.28,0.08,0.08,3
1242000,0.05,0.21,0.09,0.07,0.05,0.1,0.34,0.08,0.08,3
1273000,0.05,0.21,0.1,0.07,0.05,0.08,0.28,0.07,0.08,3
1292000,0.05,0.25,0.1,0.08,0.05,0.08,0.27,0.07,0.08,3
1267000,0.05,0.21,0.09,0.07,0.05,0.1,0.29,0.07,0.08,3
1361000,0.05,0.23,0.11,0.08,0.05,0.1,0.26,0.07,0.08,3
1319000,0.05,0.2,0.1,0.07,0.05,0.08,0.34,0.06,0.08,3
1305000,0.05,0.24,0.1,0.07,0.05,0.1,0.27,0.08,0.08,3
1246000,0.05,0.22,0.11,0.07,0.05,0.08,0.26,0.08,0.08,3
1331000,0.05,0.23,0.1,0.07,0.05,0.08,0.26,0.07,0.08,3
1257000,0.05,0.22,0.1,0.07,0.05,0.1,0.29,0.08,0.08,3
1324000,0.05,0.22,0.09,0.06,0.05,0.09,0.34,0.08,0.08,3
1245000,0.05,0.23,0.1,0.08,0.05,0.08,0.27,0.06,0.08,3
1272000,0.05,0.24,0.11,0.07,0.05,0.08,0.34,0.07,0.08,3
1241000,0.05,0.2,0.11,0.07,0.05,0.1,0.26,0.06,0.08,3
1362000,0.05,0.19,0.09,0.08,0.05,0.1,0.27,0.06,0.08,3
1315000,0.05,0.2,0.11,0.07,0.05,0.08,0.29,0.07,0.08,3
1302000,0.05,0.23,0.09,0.07,0.05,0.08,0.31,0.07,0.08,3
1318000,0.05,0.22,0.1,0.07,0.05,0.09,0.34,0.07,0.08,3
1249000,0.05,0.19,0.11,0.07,0.05,0.1,0.29,0.08,0.08,3
1258000,0.05,0.24,0.09,0.07,0.05,0.08,0.33,0.06,0.08,3
1305000,0.05,0.22,0.1,0.07,0.05,0.09,0.32,0.06,0.08,3
1325000,0.05,0.19,0.1,0.07,0.05,0.08,0.29,0.08,0.08,3
1345000,0.05,0.2,0.1,0.07,0.05,0.09,0.33,0.07,0.08,3
1284000,0.05,0.22,0.09,0.06,0.05,0.08,0.28,0.07,0.08,3
1338000,0.05,0.2,0.11,0.07,0.05,0.1,0.31,0.06,0.08,3
1250000,0.05,0.19,0.11,0.08,0.05,0.08,0.33,0.08,0.08,3
1265000,0.05,0.25,0.09,0.06,0.05,0.09,0.28,0.06,0.08,3
1254000,0.05,0.21,0.1,0.07,0.05,0.1,0.34,0.07,0.08,3
1282000,0.05,0.24,0.1,0.07,0.05,0.1,0.26,0.07,0.08,3
1324000,0.05,0.25,0.1,0.07,0.05,0.1,0.3,0.08,0.08,3
1266000,0.05,0.21,0.1,0.08,0.05,0.1,0.26,0.07,0.08,3
1262000,0.05,0.23,0.11,0.07,0.05,0.08,0.33,0.06,0.08,3
1328000,0.05,0.24,0.11,0.06,0.05,0.09,0.34,0.06,0.08,3
1268000,0.05,0.22,0.09,0.07,0.05,0.08,0.32,0.07,0.08,3
1282000,0.05,0.19,0.1,0.07,0.05,0.1,0.26,0.07,0.08,3
1268000,0.05,0.2,0.1,0.07,0.05,0.1,0.29,0.07,0.08,3
1263000,0.05,0.23,0.1,0.07,0.05,0.1,0.29,0.07,0.08,3
1246000,0.05,0.21,0.1,0.07,0.05,0.1,0.28,0.06,0.08,3
1255000,0.05,0.24,0.1,0.07,0.05,0.09,0.33,0.07,0.08,3
1277000,0.05,0.23,0.1,0.07,0.05,0.09,0.28,0.07,0.08,3
1311000,0.05,0.23,0.11,0.08,0.05,0.08,0.32,0.07,0.08,3
1248000,0.05,0.22,0.1,0.07,0.05,0.1,0.33,0.07,0.08,3
1362000,0.05,0.2,0.09,0.07,0.05,0.09,0.27,0.06,0.08,3
1308000,0.05,0.2,0.1,0.07,0.05,0.09,0.31,0.07,0.08,3
1265000,0.05,0.23,0.1,0.07,0.05,0.09,0.34,0.08,0.08,3
1330000,0.05,0.22,0.11,0.08,0.05,0.08,0.3,0.06,0.08,3
1292000,0.05,0.19,0.1,0.07,0.05,0.09,0.26,0.07,0.08,3
1351000,0.05,0.22,0.09,0.06,0.05,0.09,0.34,0.08,0.08,3
1360000,0.05,0.22,0.1,0.06,0.05,0.08,0.32,0.07,0.08,3
1274000,0.05,0.22,0.1,0.07,0.05,0.1,0.31,0.08,0.08,3
1337000,0.05,0.23,0.1,0.07,0.05,0.1,0.26,0.08,0.08,3
1274000,0.05,0.2,0.09,0.06,0.05,0.08,0.32,0.07,0.08,3
1248000,0.05,0.21,0.1,0.07,0.05,0.08,0.28,0.08,0.08,3
1328000,0.05,0.19,0.1,0.06,0.05,0.1,0.27,0.06,0.08,3
1345000,0.05,0.2,0.1,0.06,0.05,0.08,0.32,0.07,0.08,3
1294000,0.05,0.2,0.11,0.07,0.05,0.09,0.29,0.07,0.08,3
1254000,0.05,0.23,0.11,0.07,0.05,0.09,0.34,0.07,0.08,3
1262000,0.05,0.24,0.11,0.07,0.05,0.09,0.26,0.06,0.08,3
1358000,0.05,0.21,0.1,0.08,0.05,0.1,0.31,0.07,0.08,3
1359000,0.05,0.25,0.11,0.07,0.05,0.1,0.31,0.07,0.08,3
1309000,0.05,0.2,0.11,0.07,0.05,0.1,0.28,0.06,0.08,3
1285000,0.05,0.24,0.11,0.07,0.05,0.09,0.34,0.08,0.08,3
1256000,0.05,0.21,0.11,0.07,0.05,0.09,0.32,0.06,0.08,3
1315000,0.05,0.23,0.11,0.06,0.05,0.09,0.3,0.06,0.08,3
1256000,0.05,0.2,0.11,0.07,0.05,0.09,0.3,0.08,0.08,3
1261000,0.05,0.24,0.1,0.06,0.05,0.09,0.26,0.08,0.08,3
1242000,0.05,0.2,0.11,0.07,0.05,0.08,0.33,0.07,0.08,3
1356000,0.05,0.23,0.11,0.08,0.05,0.08,0.28,0.08,0.08,3
1339000,0.05,0.22,0.1,0.06,0.05,0.09,0.32,0.08,0.08,3
1336000,0.05,0.24,0.1,0.07,0.05,0.08,0.31,0.07,0.08,3
1362000,0.05,0.24,0.09,0.07,0.05,0.1,0.27,0.08,0.08,3
1291000,0.05,0.25,0.11,0.07,0.05,0.08,0.31,0.08,0.08,3
1303000,0.05,0.19,0.1,0.06,0.05,0.1,0.34,0.07,0.08,3
1315000,0.05,0.19,0.11,0.07,0.05,0.08,0.26,0.08,0.08,3
1305000,0.05,0.19,0.1,0.07,0.05,0.08,0.26,0.08,0.08,3
1311000,0.05,0.24,0.1,0.07,0.05,0.1,0.3,0.07,0.08,3
1289000,0.05,0.22,0.09,0.07,0.05,0.1,0.31,0.08,0.08,3
1243000,0.05,0.24,0.09,0.07,0.05,0.1,0.29,0.08,0.08,3
1309000,0.05,0.2,0.09,0.07,0.05,0.09,0.29,0.06,0.08,3
1282000,0.05,0.22,0.11,0.07,0.05,0.09,0.32,0.07,0.08,3
1363000,0.05,0.25,0.09,0.06,0.05,0.08,0.32,0.07,0.08,3
1337000,0.05,0.24,0.11,0.08,0.05,0.09,0.32,0.08,0.08,3
1295000,0.05,0.23,0.1,0.06,0.05,0.08,0.33,0.08,0.08,3
1279000,0.05,0.25,0.1,0.08,0.05,0.09,0.3,0.08,0.08,3
1323000,0.05,0.25,0.09,0.07,0.05,0.09,0.27,0.07,0.08,3
1260000,0.05,0.19,0.09,0.06,0.05,0.1,0.32,0.06,0.08,3
1297000,0.05,0.2,0.1,0.07,0.05,0.08,0.3,0.07,0.08,3
1291000,0.05,0.23,0.1,0.08,0.05,0.08,0.3,0.07,0.08,3
1267000,0.05,0.2,0.09,0.07,0.05,0.1,0.33,0.07,0.08,3
1254000,0.05,0.21,0.09,0.07,0.05,0.08,0.26,0.06,0.08,3
1252000,0.05,0.21,0.1,0.07,0.05,0.1,0.31,0.07,0.08,3
1289000,0.05,0.25,0.11,0.07,0.05,0.1,0.26,0.06,0.08,3
1244000,0.05,0.25,0.09,0.07,0.05,0.1,0.32,0.07,0.08,3
1284000,0.05,0.22,0.1,0.07,0.05,0.1,0.3,0.06,0.08,3
1300000,0.05,0.24,0.09,0.08,0.05,0.08,0.31,0.08,0.08,3
1325000,0.05,0.23,0.09,0.06,0.05,0.08,0.31,0.06,0.08,3
1335000,0.05,0.22,0.11,0.07,0.05,0.1,0.32,0.07,0.08,3
1327000,0.05,0.2,0.1,0.07,0.05,0.1,0.31,0.08,0.08,3
1303000,0.05,0.21,0.09,0.07,0.05,0.1,0.28,0.06,0.08,3
1317000,0.05,0.25,0.09,0.07,0.05,0.1,0.3,0.08,0.08,3
1297000,0.05,0.19,0.09,0.07,0.05,0.08,0.26,0.08,0.08,3
1265000,0.05,0.19,0.1,0.07,0.05,0.08,0.29,0.07,0.08,3
1363000,0.05,0.23,0.11,0.07,0.05,0.09,0.34,0.08,0.08,3
1256000,0.05,0.25,0.1,0.07,0.05,0.09,0.32,0.07,0.08,3
1236000,0.05,0.22,0.1,0.08,0.05,0.1,0.28,0.06,0.08,3
1347000,0.05,0.23,0.1,0.07,0.05,0.09,0.26,0.07,0.08,3
1332000,0.05,0.2,0.09,0.07,0.05,0.08,0.29,0.06,0.08,3
1360000,0.05,0.23,0.11,0.07,0.05,0.08,0.29,0.06,0.08,3
1281000,0.05,0.23,0.11,0.07,0.05,0.08,0.26,0.07,0.08,3
1312000,0.05,0.21,0.1,0.07,0.05,0.1,0.34,0.07,0.08,3
1271000,0.05,0.23,0.11,0.08,0.05,0.09,0.33,0.07,0.08,3
1351000,0.05,0.2,0.1,0.07,0.05,0.1,0.29,0.07,0.08,3
1258000,0.05,0.21,0.11,0.07,0.05,0.08,0.3,0.07,0.08,3
1334000,0.05,0.21,0.1,0.07,0.05,0.09,0.29,0.07,0.08,3
1296000,0.05,0.21,0.11,0.07,0.05,0.08,0.28,0.06,0.08,3
1240000,0.05,0.22,0.09,0.07,0.05,0.08,0.33,0.07,0.08,3
1235000,0.05,0.21,0.11,0.06,0.05,0.09,0.28,0.07,0.08,3
1283000,0.05,0.23,0.1,0.07,0.05,0.09,0.34,0.07,0.08,3
1276000,0.05,0.25,0.11,0.07,0.05,0.09,0.32,0.07,0.08,3
1311000,0.05,0.22,0.1,0.08,0.05,0.1,0.34,0.07,0.08,3
1242000,0.05,0.19,0.09,0.07,0.05,0.1,0.34,0.08,0.08,3
1271000,0.05,0.22,0.1,0.08,0.05,0.09,0.33,0.08,0.08,3
1323000,0.05,0.24,0.1,0.06,0.05,0.08,0.27,0.08,0.08,3
1339000,0.05,0.2,0.11,0.07,0.05,0.1,0.27,0.07,0.08,3
1337000,0.05,0.23,0.11,0.07,0.05,0.08,0.3,0.07,0.08,3
1313000,0.05,0.2,0.09,0.07,0.05,0.1,0.32,0.06,0.08,3
1258000,0.05,0.23,0.11,0.07,0.05,0.09,0.34,0.07,0.08,3
1298000,0.05,0.2,0.1,0.07,0.05,0.09,0.29,0.06,0.08,3
1236000,0.05,0.22,0.11,0.07,0.05,0.08,0.27,0.08,0.08,3
1287000,0.3,0.2,0.12,0.04,0.05,0.06,0.03,0.12,0.05,1
1238000,0.31,0.18,0.12,0.04,0.05,0.06,0.03,0.1,0.05,1
1285000,0.31,0.2,0.11,0.04,0.05,0.07,0.03,0.1,0.05,1
1358000,0.31,0.18,0.11,0.04,0.05,0.06,0.03,0.1,0.05,1
1297000,0.3,0.16,0.11,0.04,0.05,0.06,0.03,0.11,0.05,1
1348000,0.3,0.17,0.11,0.04,0.05,0.05,0.03,0.11,0.05,1
1241000,0.3,0.15,0.11,0.04,0.05,0.06,0.03,0.12,0.05,1
1358000,0.3,0.16,0.11,0.04,0.05,0.06,0.03,0.1,0.05,1
1353000,0.3,0.18,0.11,0.04,0.05,0.07,0.03,0.1,0.05,1
1352000,0.31,0.18,0.12,0.04,0.05,0.06,0.03,0.11,0.05,1
1295000,0.29,0.16,0.13,0.04,0.05,0.05,0.03,0.12,0.05,1
1276000,0.29,0.17,0.12,0.04,0.05,0.06,0.03,0.11,0.05,1
1290000,0.31,0.16,0.12,0.04,0.05,0.06,0.03,0.11,0.05,1
1359000,0.29,0.15,0.12,0.04,0.05,0.07,0.03,0.12,0.05,1
1285000,0.3,0.18,0.13,0.04,0.05,0.05,0.03,0.11,0.05,1
1349000,0.29,0.21,0.13,0.04,0.05,0.06,0.03,0.1,0.05,1
1341000,0.31,0.2,0.12,0.04,0.05,0.05,0.03,0.11,0.05,1
1279000,0.31,0.17,0.11,0.04,0.05,0.06,0.03,0.12,0.05,1
1268000,0.3,0.19,0.12,0.04,0.05,0.06,0.03,0.11,0.05,1
1322000,0.3,0.2,0.11,0.04,0.05,0.07,0.03,0.12,0.05,1
1294000,0.3,0.21,0.12,0.04,0.05,0.06,0.03,0.09,0.05,1
1305000,0.31,0.2,0.13,0.04,0.05,0.07,0.03,0.12,0.05,1
1236000,0.31,0.16,0.12,0.04,0.05,0.06,0.03,0.1,0.05,1
1248000,0.3,0.17,0.12,0.04,0.05,0.05,0.03,0.11,0.05,1
1277000,0.3,0.19,0.13,0.04,0.05,0.05,0.03,0.12,0.05,1
1339000,0.3,0.2,0.12,0.04,0.05,0.06,0.03,0.12,0.05,1
1336000,0.29,0.16,0.11,0.04,0.05,0.06,0.03,0.11,0.05,1
1236000,0.31,0.17,0.12,0.04,0.05,0.06,0.03,0.11,0.05,1
1353000,0.29,0.2,0.11,0.04,0.05,0.06,0.03,0.11,0.05,1
1337000,0.3,0.2,0.12,0.04,0.05,0.06,0.03,0.12,0.05,1
1255000,0.31,0.18,0.11,0.04,0.05,0.06,0.03,0.11,0.05,1
1248000,0.3,0.19,0.13,0.04,0.05,0.07,0.03,0.12,0.05,1
1267000,0.3,0.19,0.12,0.04,0.05,0.06,0.03,0.11,0.05,1
1320000,0.3,0.16,0.11,0.04,0.05,0.06,0.03,0.11,0.05,1
1351000,0.31,0.19,0.12,0.04,0.05,0.06,0.03,0.1,0.05,1
1350000,0.29,0.17,0.13,0.04,0.05,0.06,0.03,0.09,0.05,1
1263000,0.3,0.2,0.12,0.04,0.05,0.07,0.03,0.12,0.05,1
1255000,0.3,0.17,0.12,0.04,0.05,0.05,0.03,0.11,0.05,1
1316000,0.31,0.17,0.11,0.04,0.05,0.05,0.03,0.1,0.05,1
1328000,0.31,0.2,0.12,0.04,0.05,0.06,0.03,0.11,0.05,1
1240000,0.3,0.17,0.13,0.04,0.05,0.06,0.03,0.13,0.05,1
1363000,0.31,0.2,0.12,0.04,0.05,0.06,0.03,0.13,0.05,1
1236000,0.3,0.18,0.13,0.04,0.05,0.06,0.03,0.12,0.05,1
1362000,0.3,0.2,0.11,0.04,0.05,0.05,0.03,0.1,0.05,1
1353000,0.31,0.21,0.12,0.04,0.05,0.07,0.03,0.13,0.05,1
1244000,0.3,0.15,0.12,0.04,0.05,0.05,0.03,0.1,0.05,1
1309000,0.3,0.17,0.13,0.04,0.05,0.06,0.03,0.12,0.05,1
1323000,0.29,0.18,0.11,0.04,0.05,0.07,0.03,0.11,0.05,1
1322000,0.3,0.19,0.13,0.04,0.05,0.07,0.03,0.1,0.05,1
1331000,0.31,0.17,0.13,0.04,0.05,0.07,0.03,0.12,0.05,1
1272000,0.3,0.17,0.12,0.04,0.05,0.05,0.03,0.09,0.05,1
1251000,0.29,0.15,0.13,0.04,0.05,0.07,0.03,0.12,0.05,1
1349000,0.3,0.18,0.11,0.04,0.05,0.07,0.03,0.1,0.05,1
1287000,0.31,0.2,0.13,0.04,0.05,0.06,0.03,0.1,0.05,1
1295000,0.3,0.2,0.12,0.04,0.05,0.05,0.03,0.09,0.05,1
1304000,0.31,0.19,0.13,0.04,0.05,0.06,0.03,0.11,0.05,1
1319000,0.31,0.19,0.13,0.04,0.05,0.05,0.03,0.1,0.05,1
1354000,0.31,0.16,0.11,0.04,0.05,0.06,0.03,0.1,0.05,1
1316000,0.31,0.17,0.11,0.04,0.05,0.05,0.03,0.12,0.05,1
1321000,0.3,0.2,0.13,0.04,0.05,0.07,0.03,0.12,0.05,1
1254000,0.3,0.2,0.13,0.04,0.05,0.06,0.03,0.1,0.05,1
1298000,0.3,0.19,0.13,0.04,0.05,0.05,0.03,0.12,0.05,1
1358000,0.29,0.15,0.12,0.04,0.05,0.05,0.03,0.12,0.05,1
1360000,0.29,0.16,0.12,0.04,0.05,0.07,0.03,0.12,0.05,1
1336000,0.3,0.19,0.12,0.04,0.05,0.06,0.03,0.12,0.05,1
1322000,0.3,0.2,0.11,0.04,0.05,0.07,0.03,0.09,0.05,1
1245000,0.3,0.19,0.11,0.04,0.05,0.06,0.03,0.12,0.05,1
1355000,0.3,0.15,0.12,0.04,0.05,0.07,0.03,0.11,0.05,1
1254000,0.29,0.18,0.11,0.04,0.05,0.06,0.03,0.1,0.05,1
1310000,0.3,0.17,0.11,0.04,0.05,0.06,0.03,0.12,0.05,1
1356000,0.3,0.16,0.11,0.04,0.05,0.06,0.03,0.11,0.05,1
1350000,0.3,0.2,0.12,0.04,0.05,0.06,0.03,0.1,0.05,1
1253000,0.3,0.2,0.13,0.04,0.05,0.06,0.03,0.11,0.05,1
1326000,0.29,0.18,0.12,0.04,0.05,0.06,0.03,0.12,0.05,1
1308000,0.31,0.2,0.12,0.04,0.05,0.07,0.03,0.1,0.05,1
1245000,0.3,0.16,0.12,0.04,0.05,0.07,0.03,0.11,0.05,1
1265000,0.3,0.17,0.13,0.04,0.05,0.05,0.03,0.1,0.05,1
1237000,0.3,0.19,0.11,0.04,0.05,0.07,0.03,0.1,0.05,1
1252000,0.31,0.19,0.13,0.04,0.05,0.05,0.03,0.1,0.05,1
1283000,0.3,0.2,0.12,0.04,0.05,0.05,0.03,0.1,0.05,1
1238000,0.31,0.2,0.13,0.04,0.05,0.06,0.03,0.12,0.05,1
1267000,0.29,0.18,0.12,0.04,0.05,0.06,0.03,0.12,0.05,1
1339000,0.3,0.19,0.13,0.04,0.05,0.06,0.03,0.12,0.05,1
1274000,0.29,0.18,0.11,0.04,0.05,0.07,0.03,0.11,0.05,1
1277000,0.31,0.21,0.11,0.04,0.05,0.07,0.03,0.11,0.05,1
1306000,0.31,0.19,0.12,0.04,0.05,0.07,0.03,0.12,0.05,1
1338000,0.29,0.16,0.11,0.04,0.05,0.06,0.03,0.11,0.05,1
1245000,0.3,0.18,0.12,0.04,0.05,0.06,0.03,0.1,0.05,1
1334000,0.3,0.17,0.11,0.04,0.05,0.06,0.03,0.1,0.05,1
1309000,0.3,0.17,0.12,0.04,0.05,0.06,0.03,0.12,0.05,1
1315000,0.3,0.19,0.12,0.04,0.05,0.05,0.03,0.1,0.05,1
1327000,0.3,0.17,0.11,0.04,0.05,0.05,0.03,0.12,0.05,1
1324000,0.31,0.17,0.12,0.04,0.05,0.05,0.03,0.1,0.05,1
1338000,0.31,0.17,0.12,0.04,0.05,0.06,0.03,0.11,0.05,1
1307000,0.31,0.16,0.11,0.04,0.05,0.05,0.03,0.1,0.05,1
1251000,0.29,0.19,0.13,0.04,0.05,0.06,0.03,0.1,0.05,1
1356000,0.29,0.19,0.13,0.04,0.05,0.07,0.03,0.12,0.05,1
1352000,0.31,0.2,0.13,0.04,0.05,0.06,0.03,0.12,0.05,1
1326000,0.3,0.18,0.12,0.04,0.05,0.06,0.03,0.09,0.05,1
1241000,0.3,0.17,0.12,0.04,0.05,0.07,0.03,0.12,0.05,1
1244000,0.29,0.17,0.13,0.04,0.05,0.06,0.03,0.11,0.05,1
1293000,0.3,0.17,0.12,0.04,0.05,0.06,0.03,0.1,0.05,1
1312000,0.3,0.18,0.12,0.04,0.05,0.07,0.03,0.13,0.05,1
1326000,0.3,0.19,0.11,0.04,0.05,0.06,0.03,0.12,0.05,1
1283000,0.3,0.19,0.12,0.04,0.05,0.06,0.03,0.12,0.05,1
1295000,0.3,0.17,0.13,0.04,0.05,0.06,0.03,0.13,0.05,1
1360000,0.31,0.18,0.13,0.04,0.05,0.07,0.03,0.11,0.05,1
1278000,0.31,0.18,0.11,0.04,0.05,0.07,0.03,0.12,0.05,1
1325000,0.3,0.16,0.13,0.04,0.05,0.07,0.03,0.1,0.05,1
1276000,0.29,0.17,0.11,0.04,0.05,0.06,0.03,0.11,0.05,1
1353000,0.29,0.17,0.12,0.04,0.05,0.07,0.03,0.1,0.05,1
1352000,0.29,0.19,0.12,0.04,0.05,0.06,0.03,0.1,0.05,1
1291000,0.3,0.17,0.13,0.04,0.05,0.06,0.03,0.12,0.05,1
1354000,0.3,0.16,0.13,0.04,0.05,0.06,0.03,0.12,0.05,1
1312000,0.3,0.2,0.12,0.04,0.05,0.06,0.03,0.12,0.05,1
1244000,0.3,0.19,0.12,0.04,0.05,0.06,0.03,0.11,0.05,1
1290000,0.3,0.18,0.12,0.04,0.05,0.05,0.03,0.12,0.05,1
1245000,0.29,0.17,0.12,0.04,0.05,0.06,0.03,0.12,0.05,1
1303000,0.3,0.2,0.12,0.04,0.05,0.06,0.03,0.1,0.05,1
1312000,0.29,0.2,0.12,0.04,0.05,0.06,0.03,0.1,0.05,1
1328000,0.3,0.15,0.12,0.04,0.05,0.06,0.03,0.1,0.05,1
1330000,0.3,0.21,0.12,0.04,0.05,0.06,0.03,0.12,0.05,1
1272000,0.3,0.17,0.13,0.04,0.05,0.07,0.03,0.12,0.05,1
1270000,0.3,0.16,0.13,0.04,0.05,0.06,0.03,0.11,0.05,1
1248000,0.3,0.21,0.12,0.04,0.05,0.06,0.03,0.12,0.05,1
1311000,0.3,0.17,0.12,0.04,0.05,0.06,0.03,0.11,0.05,1
1245000,0.31,0.2,0.12,0.04,0.05,0.05,0.03,0.12,0.05,1
1293000,0.3,0.17,0.11,0.04,0.05,0.05,0.03,0.11,0.05,1
1266000,0.3,0.2,0.12,0.04,0.05,0.06,0.03,0.12,0.05,1
1297000,0.3,0.18,0.11,0.04,0.05,0.05,0.03,0.11,0.05,1
1339000,0.29,0.17,0.13,0.04,0.05,0.06,0.03,0.12,0.05,1
1266000,0.31,0.17,0.11,0.04,0.05,0.06,0.03,0.12,0.05,1
1360000,0.3,0.16,0.11,0.04,0.05,0.06,0.03,0.1,0.05,1
1361000,0.31,0.17,0.13,0.04,0.05,0.06,0.03,0.1,0.05,1
1293000,0.3,0.17,0.13,0.04,0.05,0.05,0.03,0.11,0.05,1
1362000,0.3,0.16,0.11,0.04,0.05,0.05,0.03,0.12,0.05,1
1238000,0.31,0.2,0.13,0.04,0.05,0.06,0.03,0.11,0.05,1
1271000,0.29,0.2,0.12,0.04,0.05,0.06,0.03,0.12,0.05,1
1242000,0.3,0.17,0.13,0.04,0.05,0.05,0.03,0.1,0.05,1
1343000,0.3,0.19,0.12,0.04,0.05,0.05,0.03,0.11,0.05,1
1276000,0.31,0.16,0.12,0.04,0.05,0.05,0.03,0.12,0.05,1
1338000,0.3,0.21,0.12,0.04,0.05,0.05,0.03,0.11,0.05,1
1360000,0.29,0.17,0.11,0.04,0.05,0.06,0.03,0.11,0.05,1
1240000,0.31,0.16,0.11,0.04,0.05,0.06,0.03,0.1,0.05,1
1237000,0.31,0.18,0.13,0.04,0.05,0.06,0.03,0.1,0.05,1
1248000,0.3,0.19,0.12,0.04,0.05,0.05,0.03,0.12,0.05,1
1324000,0.3,0.2,0.11,0.04,0.05,0.05,0.03,0.13,0.05,1
1312000,0.31,0.19,0.13,0.04,0.05,0.05,0.03,0.1,0.05,1
1355000,0.31,0.17,0.11,0.04,0.05,0.06,0.03,0.12,0.05,1
1297000,0.3,0.19,0.12,0.04,0.05,0.05,0.03,0.1,0.05,1
1364000,0.3,0.2,0.13,0.04,0.05,0.06,0.03,0.1,0.05,1
1337000,0.3,0.19,0.11,0.04,0.05,0.06,0.03,0.1,0.05,1
1332000,0.31,0.21,0.12,0.04,0.05,0.05,0.03,0.12,0.05,1
1321000,0.3,0.17,0.13,0.04,0.05,0.06,0.03,0.11,0.05,1
1365000,0.29,0.2,0.13,0.04,0.05,0.06,0.03,0.1,0.05,1
1282000,0.31,0.18,0.11,0.04,0.05,0.05,0.03,0.1,0.05,1
1323000,0.3,0.16,0.12,0.04,0.05,0.07,0.03,0.1,0.05,1
1330000,0.3,0.17,0.12,0.04,0.05,0.06,0.03,0.1,0.05,1
1281000,0.29,0.17,0.12,0.04,0.05,0.07,0.03,0.1,0.05,1
1345000,0.3,0.18,0.12,0.04,0.05,0.05,0.03,0.1,0.05,1
1281000,0.29,0.17,0.12,0.04,0.05,0.06,0.03,0.11,0.05,1
1329000,0.3,0.18,0.13,0.04,0.05,0.06,0.03,0.1,0.05,1
1250000,0.31,0.19,0.13,0.04,0.05,0.05,0.03,0.1,0.05,1
1273000,0.31,0.19,0.12,0.04,0.05,0.06,0.03,0.12,0.05,1
1264000,0.3,0.2,0.13,0.04,0.05,0.05,0.03,0.12,0.05,1
1256000,0.3,0.19,0.13,0.04,0.05,0.06,0.03,0.12,0.05,1
1264000,0.3,0.18,0.12,0.04,0.05,0.06,0.03,0.11,0.05,1
1256000,0.3,0.17,0.13,0.04,0.05,0.06,0.03,0.12,0.05,1
1288000,0.31,0.15,0.13,0.04,0.05,0.05,0.03,0.11,0.05,1
1251000,0.31,0.2,0.13,0.04,0.05,0.06,0.03,0.1,0.05,1
1338000,0.3,0.16,0.12,0.04,0.05,0.05,0.03,0.12,0.05,1
1307000,0.3,0.17,0.12,0.04,0.05,0.06,0.03,0.11,0.05,1
1248000,0.3,0.17,0.11,0.04,0.05,0.06,0.03,0.1,0.05,1
1284000,0.3,0.17,0.11,0.04,0.05,0.06,0.03,0.12,0.05,1
1315000,0.29,0.2,0.12,0.04,0.05,0.07,0.03,0.12,0.05,1
1312000,0.29,0.2,0.11,0.04,0.05,0.06,0.03,0.13,0.05,1
1299000,0.29,0.17,0.12,0.04,0.05,0.06,0.03,0.11,0.05,1
1300000,0.29,0.16,0.12,0.04,0.05,0.07,0.03,0.13,0.05,1
1278000,0.31,0.17,0.11,0.04,0.05,0.06,0.03,0.12,0.05,1
1279000,0.3,0.19,0.12,0.04,0.05,0.07,0.03,0.1,0.05,1
1348000,0.31,0.19,0.13,0.04,0.05,0.06,0.03,0.11,0.05,1
1277000,0.3,0.17,0.11,0.04,0.05,0.05,0.03,0.12,0.05,1
1336000,0.3,0.18,0.13,0.04,0.05,0.06,0.03,0.12,0.05,1
1331000,0.29,0.17,0.12,0.04,0.05,0.05,0.03,0.11,0.05,1
1314000,0.31,0.2,0.13,0.04,0.05,0.06,0.03,0.11,0.05,1
1328000,0.3,0.2,0.13,0.04,0.05,0.07,0.03,0.1,0.05,1
1248000,0.3,0.2,0.13,0.04,0.05,0.06,0.03,0.1,0.05,1
1277000,0.31,0.2,0.11,0.04,0.05,0.06,0.03,0.12,0.05,1
1260000,0.3,0.16,0.12,0.04,0.05,0.06,0.03,0.1,0.05,1
1314000,0.31,0.19,0.13,0.04,0.05,0.05,0.03,0.1,0.05,1
1338000,0.3,0.17,0.13,0.04,0.05,0.06,0.03,0.11,0.05,1
1270000,0.3,0.2,0.12,0.04,0.05,0.06,0.03,0.1,0.05,1
1237000,0.3,0.16,0.11,0.04,0.05,0.07,0.03,0.1,0.05,1
1326000,0.3,0.17,0.13,0.04,0.05,0.06,0.03,0.11,0.05,1
1239000,0.3,0.19,0.12,0.04,0.05,0.07,0.03,0.12,0.05,1
1254000,0.3,0.2,0.11,0.04,0.05,0.07,0.03,0.12,0.05,1
1334000,0.31,0.19,0.12,0.04,0.05,0.07,0.03,0.11,0.05,1
1299000,0.31,0.19,0.12,0.04,0.05,0.07,0.03,0.1,0.05,1
1280000,0.29,0.17,0.12,0.04,0.05,0.05,0.03,0.1,0.05,1
1292000,0.3,0.16,0.11,0.04,0.05,0.07,0.03,0.11,0.05,1
